Ccode,Nation,Christianity,Judaism,Islam,Buddhism,Zoroastrian,Hindu,Sikh,Shinto,Bahai,Taoism,Jain,Confucianism,Syncretic,Animist,Non,Other,Major
2,USA,0.817128571,0.027657143,0.004842857,0.006971429,0.001357143,0.00185,0.0002,9.29E-05,0.000871429,7.14E-05,4.29E-05,7.14E-05,0.000557143,0.000857143,0.13345,0.003935714,Christianity
20,CAN,0.863428571,0.012842857,0.005792857,0.014914286,9.29E-05,0.002535714,0.0026,0,0.000228571,0.001264286,7.14E-06,0.004892857,0.000342857,0.001442857,0.064678571,0.024921429,Christianity
31,BHM,0.88925,0.0017375,0,0,0,0,0,0,0.00025,0.0001125,0,0,3.75E-05,0.0035375,0.02585,0.07925,Christianity
40,CUB,0.781457143,7.14E-05,0.000264286,0.000214286,0,0.000571429,0,0,2.14E-05,0.000442857,0,0,0.692857143,0.00185,0.1309,0,Christianity
41,HAI,0.901457143,7.14E-06,0.000121429,0,0,0,0,0,0.000435714,0,0,0,0.519207143,0.001421429,0.038635714,0,Christianity
42,DOM,0.886278571,4.29E-05,4.29E-05,0.000114286,0,0,0,0,0.000214286,0.000164286,0,0,0,0.001978571,0.083935714,0.027235714,Christianity
51,JAM,0.767990909,0.000390909,0.000690909,0.0001,0,0.005545455,0,0,0.000518182,0.000936364,5.45E-05,0,0,0.017645455,0.158936364,0.047163636,Christianity
52,TRI,0.618990909,0.0003,0.054427273,0.001745455,0,0.231890909,0,0,0.001090909,0.001981818,0,0.000436364,0,0.001245455,0.039345455,0.048518182,Christianity
53,BAR,0.686622222,8.89E-05,0.004277778,0.000222222,0,0.002344444,0,0,0.002577778,0,0,0,0,0.005877778,0.143677778,0.154311111,Christianity
54,DMA,0.941014286,0,0.000428571,0.000628571,0,0.000971429,0,0,0,0,0,0,0,0,0.0299,0.027071429,Christianity
55,GRN,0.8610625,0,0.001675,0,0,0.001275,0,0,0.00055,0,0,0,0,0,0.0248625,0.110575,Christianity
56,SLU,0.946514286,5.71E-05,0.001514286,0,0,0.005085714,0,0,0.001428571,0,0,0,0,0,0.0195,0.025885714,Christianity
57,SVG,0.888471429,0,0.004757143,0,0,0.011814286,0,0,0.005457143,0,0,0,0.003142857,0.000585714,0.031742857,0.054028571,Christianity
58,AAB,0.847285714,0,0.003614286,0,0,0.000385714,0,0,0.005585714,0,0,0,0.009457143,0.010528571,0.035614286,0.087542857,Christianity
60,SKN,0.866316667,0,0.00165,0,0,0.006083333,0,0,0.003366667,0,0,0,0,0.0117,0.065666667,0.0452,Christianity
70,MEX,0.953592857,0.000935714,0.000585714,0.0001,0,3.57E-05,7.14E-06,0,4.29E-05,3.57E-05,0,0,2.14E-05,0.000357143,0.020757143,0.023542857,Christianity
80,BLZ,0.818457143,0.004242857,0.002157143,0.001471429,0,0.006928571,0,0,0.008371429,0,0,0,0.000671429,0.000842857,0.0636,0.093257143,Christianity
90,GUA,0.9355,7.86E-05,4.29E-05,0.0001,0,0,0,0,0.000485714,0.000107143,0,0,0.000292857,0.000578571,0.012085714,0.050742857,Christianity
91,HON,0.954564286,2.86E-05,0.0003,0.000157143,0,0,0,0,0.001178571,5.00E-05,0,0,0,0.001007143,0.01725,0.025464286,Christianity
92,SAL,0.93435,4.29E-05,8.57E-05,5.00E-05,0,0,0,0,0.000592857,3.57E-05,0,0,0,0.002392857,0.029271429,0.033185714,Christianity
93,NIC,0.955371429,4.29E-05,8.57E-05,0.000328571,0,0,0,0,0.000707143,0.000171429,0,0,0,0.0023,0.0209,0.020107143,Christianity
94,COS,0.951471429,0.000635714,0,0.000428571,0,1.43E-05,0,0,0.00075,0.000578571,0,0,0.003528571,0.000535714,0.020221429,0.021871429,Christianity
95,PAN,0.96945,0.000657143,0.007414286,0.001135714,0,0.000585714,0,0,0.002692857,7.86E-05,0,0,0.000435714,0.000728571,0.001421429,0.015378571,Christianity
100,COL,0.958964286,0.000307143,0.000364286,0,0,6.43E-05,0,0,0.000414286,0,0,0,7.14E-06,0.004392857,0.00595,0.029521429,Christianity
101,VEN,0.939728571,0.000421429,0.000228571,0.000107143,0,0,0,0,0.000485714,0,0,0,5.71E-05,0.005978571,0.010742857,0.042242857,Christianity
110,GUY,0.532422222,3.33E-05,0.083944444,0.001,0,0.316777778,0,0,0.001544444,0,0,0,0.000466667,0.006744444,0.0456,0.011466667,Christianity
115,SUR,0.5713125,0.000925,0.1812875,0.00165,0,0.175475,0,0,0.0051875,0,0.0001,0,0.000825,0.0354375,0.006975,0.0208875,Christianity
130,ECU,0.934385714,5.71E-05,2.14E-05,0.000121429,0,0,0,0,0.000364286,0,0,0,7.86E-05,0.001207143,0.017728571,0.046028571,Christianity
135,PER,0.960328571,9.29E-05,4.29E-05,0.000214286,0,0,0,0,0.000192857,0,0,0,5.71E-05,0.007385714,0.007657143,0.024021429,Christianity
140,BRA,0.947,0.000628571,0.00025,0.001621429,0,7.14E-06,0,0.00015,6.43E-05,0,0,0,0.000121429,0.00495,0.020057143,0.025164286,Christianity
145,BOL,0.95845,7.14E-05,6.43E-05,0.000292857,0,0,0,0,0.002971429,0,0,0,1.43E-05,0.003607143,0.009464286,0.025057143,Christianity
150,PAR,0.944535714,0.000221429,7.14E-05,0.000592857,0,0,0,0,0.000464286,0,0,0,0,0.00385,0.007528571,0.042735714,Christianity
155,CHL,0.93325,0.000721429,0.0001,5.71E-05,0,0,0,0,0.00025,0,0,0,7.14E-06,0.005164286,0.022307143,0.03815,Christianity
160,ARG,0.9262,0.015292857,0.003428571,0.000107143,0,0,0,0,3.57E-05,0,0,0,0,0.000385714,0.026042857,0.028471429,Christianity
165,URU,0.744914286,0.01145,7.14E-05,0,0,0,0,0,0.0004,0,0,0,0,0,0.0735,0.169642857,Christianity
200,UKG,0.842707143,0.006892857,0.017064286,0.0016,2.14E-05,0.005714286,0.003407143,0,0.000278571,7.14E-06,0.000135714,0,0.000707143,0.000207143,0.115642857,0.0056,Christianity
205,IRE,0.972671429,0.000757143,0.00195,4.29E-05,0,0.000192857,0,0,0.000157143,0,0,0,0.000192857,5.71E-05,0.01495,0.009007143,Christianity
210,NTH,0.783208333,0.001775,0.024408333,0.003991667,0,0.003216667,0.0002,0,0.00025,0,0,0,0.0007,0,0.17,0.012225,Christianity
211,BEL,0.8828,0.00335,0.017507143,0.0009,0,9.29E-05,4.29E-05,0,8.57E-05,0,0,0.000214286,0.000128571,7.86E-05,0.0829,0.011907143,Christianity
212,LUX,0.956535714,0.001942857,0.007178571,0,0,0,0,0,0.002114286,0,0,0,0,0,0.029507143,0.002735714,Christianity
220,FRN,0.821385714,0.009928571,0.03435,0.003764286,0,0.000378571,0,0,5.00E-05,0,0,0,0.001135714,0.000992857,0.12215,0.005842857,Christianity
221,MNC,0.85605,0.015675,0.01785,0,0,0,0,0,0.0004,0,0,0,0,0,0.09455,0.0155,Christianity
223,LIE,0.89382,0.0011,0.0434,0.00122,0,0,0,0,0.00092,0,0,0,0,0,0.03642,0.02308,Christianity
225,SWZ,0.931742857,0.003128571,0.015328571,0.00085,0,0.0009,0,0,0.000242857,0,0,0,0,0,0.044971429,0.002835714,Christianity
230,SPN,0.946842857,0.000435714,0.005864286,0.00015,0,0,0,0,8.57E-05,0,0,0,8.57E-05,0,0.04475,0.00175,Christianity
232,AND,0.926575,0.00095,0.006775,0,0,0.001625,0,0,0.000375,0,0,0,0,0,0.06305,0.000625,Christianity
235,POR,0.939464286,0.000128571,0.001857143,0.001928571,0,0.000135714,0,0,0.000128571,0,0,0,0.000492857,2.86E-05,0.034678571,0.021142857,Christianity
255,GMY,0.75775,0.002216667,0.03395,0.00115,0,0.0007,0.000266667,0,0.0001,0,0,0,3.33E-05,0,0.183783333,0.020083333,Christianity
260,GFR,0.9436875,0.0005375,0.01665,1.25E-05,0,0,0,0,2.50E-05,0,0,0,0,0,0.033025,0.006075,Christianity
265,GDR,0.734342857,0,0,0,0,0,0,0,0,0,0,0,0,0,0.225471429,0.040185714,Christianity
290,POL,0.953892857,0.001607143,4.29E-05,7.14E-06,0,0,0,0,0,0,0,0,0,0,0.040178571,0.004228571,Christianity
305,AUS,0.881075,0.001183333,0.017841667,9.17E-05,0,4.17E-05,8.33E-06,0,1.00E-04,0,0,8.33E-06,1.67E-05,0,0.075641667,0.023983333,Christianity
310,HUN,0.807857143,0.00835,0.000542857,9.29E-05,0,0,0,0,0,0,0,0,0,0,0.161728571,0.021414286,Christianity
315,CZE,0.75765,0.0015,0,0,0,0,0,0,0,0,0,0,0,0,0.23796,0.00285,Christianity
316,CZR,0.268875,0.000575,0.0002,0.0005,0,5.00E-05,0,0,2.50E-05,0,0,0,7.50E-05,0,0.673325,0.056375,Non
317,SLO,0.78005,0.00035,7.50E-05,0,0,0,0,0,0.0001,0,0,0,0,0,0.12355,0.095825,Christianity
325,ITA,0.88385,0.000721429,0.006164286,0.000178571,0,0.0001,2.86E-05,0,8.57E-05,0,0,0,0.000157143,0,0.106764286,0.001957143,Christianity
331,SNM,0.918775,0,0.0002,0,0,0,0,0,0.0088,0,0,0,0,0,0.062925,0.009325,Christianity
338,MLT,0.98126,0.00015,0.00253,0.0002,0,0.00012,0,0,0.00043,0,0,0,0,0,0.00926,0.00599,Christianity
339,ALB,0.28625,0.000164286,0.549842857,0,0,0,0,0,0.000771429,0,0,0,0,0,0.161571429,0.001392857,Islam
341,MNG,0.7593,0,0.1911,0.0002,0,0,0,0,0,0,0,0,0,0,0.0451,0.0043,Christianity
343,MAC,0.63835,0.000125,0.337175,0,0,0,0,0,0,0,0,0,0,0,0.0238,0.00055,Christianity
344,CRO,0.915625,0.000125,0.014875,0,0,0,0,0,0,0,0,0,0,0,0.056325,0.01305,Christianity
345,YUG,0.797128571,0.000971429,0.103907143,0,0,0,0,0,1.43E-05,0,0,0,0,5.00E-05,0.094842857,0.0031,Christianity
346,BOS,0.511775,0.00025,0.421075,0,0,0,0,0,0,0,0,0,0,0,0.0517,0.0152,Christianity
347,KOS,0.0369,0,0.9561,0,0,0,0,0,0,0,0,0,0,0,0.0059,0.0011,Islam
349,SLV,0.775125,0.000125,0.0264,0,0,0,0,0,5.00E-05,0,0,0,0,0,0.146725,0.051575,Christianity
350,GRC,0.972385714,0.000607143,0.016585714,0,0,0,0,0,7.14E-06,0,0,0,0,1.43E-05,0.008364286,0.002014286,Christianity
352,CYP,0.754972727,0.000127273,0.197890909,0,0,0,0,0,0.0004,0,0,0,0,0,0.024145455,0.022454545,Christianity
355,BUL,0.780407143,0.001114286,0.118271429,0,0,0,0,0,2.14E-05,0,0,0,0,0,0.097178571,0.003,Christianity
359,MLD,0.89495,0.007425,0.015025,0,0,0,0,0,5.00E-05,0,0,0,0,0.0004,0.077325,0.004875,Christianity
360,ROM,0.936328571,0.004135714,0.007421429,0,0,0,0,0,1.43E-05,0,0,0,0,0,0.050028571,0.002107143,Christianity
365,RUS,0.3897,0.012235714,0.126535714,0.0044,0,0,0,0,1.43E-05,0,0,0,0,0.003642857,0.446928571,0.016528571,Non
366,EST,0.32435,0.001625,0.0017,0.000675,0,0.000225,0,0,0.0001,5.00E-05,0,0,2.50E-05,0.00175,0.59905,0.070425,Non
367,LAT,0.61285,0.003,0.0007,2.50E-05,0,0.000175,0,0,0,0,0,0,0,2.50E-05,0.37725,0.00595,Christianity
368,LIT,0.8481,0.001625,0.0011,0.0001,0,7.50E-05,0,0,2.50E-05,0,0,0,0,0.00015,0.138325,0.010475,Christianity
369,UKR,0.821175,0.00305,0.011125,0.0006,0,2.50E-05,5.00E-05,0,0,0,0,0,0,0.000275,0.16295,0.000775,Christianity
370,BLR,0.5876,0.002375,0.0017,5.00E-05,0,0,0,0,0,0,0,0,0,0,0.4004,0.007875,Christianity
371,ARM,0.9364,0.0002,0.00075,2.50E-05,0,0,0,0,0.000125,0,0,0,0.009075,0,0.051975,0.001425,Christianity
372,GRG,0.84665,0.003,0.099425,0,0,0,0,0,7.50E-05,0,0,0,0,0.001875,0.04545,0.003525,Christianity
373,AZE,0.0302,0.0017,0.9275,0,0,0,0,0,5.00E-05,0,0,0,0,0,0.03615,0.0044,Islam
375,FIN,0.9086,0.000292857,0.001328571,0.000235714,0,0,0,0,0.000357143,0,0,0,0.000142857,0,0.081128571,0.007885714,Christianity
380,SWD,0.914892857,0.001964286,0.013421429,0.000928571,7.14E-06,9.29E-05,7.14E-06,0,0.00015,0,0,0,0,0,0.065385714,0.003142857,Christianity
385,NOR,0.922592857,0.000221429,0.004685714,0.002764286,0,0.000135714,7.86E-05,0,0.000278571,0,0,0,2.86E-05,2.86E-05,0.058764286,0.010407143,Christianity
390,DEN,0.934142857,0.001292857,0.011078571,0.000778571,0,0.000128571,0,0,0.000114286,0,0,0,0,7.14E-06,0.040657143,0.0118,Christianity
395,ICE,0.9701,0,0.000542857,0.0005,0,0.000271429,0,0,0.001071429,0,0,0,0,0.000985714,0.015864286,0.010685714,Christianity
402,CAP,0.9634375,2.50E-05,0.0165375,0,0,0,0,0,0.000625,0,0,0,0,0.0070375,0.010075,0.0022625,Christianity
403,STP,0.9428,0,0.003075,0,0,0,0,0,0.0162125,0,0,0,0,0.0124,0.010225,0.0152875,Christianity
404,GNB,0.1203,0,0.3586,0,0,0,0,0,0.000175,0,0,0,0,0.5081125,0.010325,0.0025,Animist
411,EQG,0.887744444,0,0.0226,0,0,0.000266667,0,0,0.004222222,0,0,0,0,0.046922222,0.031433333,0.0068,Christianity
420,GAM,0.03623,0,0.86467,0,0,0.00021,0,0,0.00757,0,0,0,0,0.08044,0.00543,0.00545,Islam
432,MLI,0.021345455,0,0.865145455,0,0,0,0,0,0.0001,0,0,0,0,0.108790909,0.001009091,0.003627273,Islam
433,SEN,0.046172727,0,0.862754545,0.0001,0,0,0,0,0.001127273,0,0,0,0,0.074954545,0.007918182,0.007,Islam
434,BEN,0.277209091,0,0.170490909,0,0,7.27E-05,0,0,0.001272727,0,0,0,0,0.535172727,0.008927273,0.006863636,Animist
435,MAA,0.004345455,0,0.980972727,0,0,0,0,0,0.0001,0,0,0,0,0.005254545,0.0008,0.008554545,Islam
436,NIR,0.013672727,0,0.868772727,0,0,0,0.000136364,0,0.000245455,0,0,0,0,0.114218182,0.000681818,0.002263636,Islam
437,CDI,0.273663636,0,0.303309091,0.000290909,0,0.000227273,0,0,0.001081818,0,0,0,0,0.411427273,0.004581818,0.005409091,Animist
438,GUI,0.036427273,0,0.6723,0.000527273,0,0,0,0,0,0,0,0,0,0.2842,0.0015,0.005018182,Islam
439,BFO,0.146027273,0,0.438418182,0,0,0,0,0,0.000109091,0,0,0,0,0.409763636,0.002636364,0.003036364,Islam
450,LBR,0.339978571,0,0.149507143,0,0,0,0,0,0.0021,0,0,0,0,0.491985714,0.007842857,0.008607143,Animist
451,SIE,0.1203,0,0.47338,0,0,0.00052,0,0,0.00104,0,0,0,0,0.39487,0.00696,0.00292,Islam
452,GHA,0.546336364,0,0.1611,0,0,0.000136364,0,0,0.000627273,0,0,0,0,0.2645,0.015481818,0.011790909,Christianity
461,TOG,0.374381818,0,0.141809091,0,0,0,0,0,0.002818182,0,0,0,0,0.475981818,0.001381818,0.003618182,Animist
471,CAO,0.4561,0,0.193063636,0,0,0,0,0,0.003654545,0,0,0,0,0.336127273,0.003081818,0.007945455,Christianity
475,NIG,0.422954545,0,0.4519,2.73E-05,0,0,0,0,0.000218182,0,0,0,0,0.116963636,0.002318182,0.005581818,Islam
481,GAB,0.761781818,0,0.050272727,0,0,0,0,0,0.000381818,0,0,0,0,0.110372727,0.007009091,0.070181818,Christianity
482,CEN,0.537127273,0,0.099918182,0,0,0,0,0,0.002218182,0,0,0,0,0.321045455,0.006172727,0.033509091,Christianity
483,CHA,0.276854545,0,0.506618182,8.18E-05,0,0,0,0,0.003509091,0,0,0,8.18E-05,0.206,0.000881818,0.006,Islam
484,CON,0.875109091,0,0.010345455,0,0,0,0,0,0.004027273,0,0,0,6.36E-05,0.065663636,0.023627273,0.021118182,Christianity
490,DRC,0.905963636,0,0.013209091,5.45E-05,0,0.000827273,0,0,0.005245455,0,0,0,0,0.065563636,0.002954545,0.006145455,Christianity
500,UGA,0.76567,0.0001,0.09508,3.00E-05,0,0.0072,0.00029,0,0.01303,0,0.0001,0,3.00E-05,0.10833,0.00343,0.00675,Christianity
501,KEN,0.72653,8.00E-05,0.06959,0,0,0.00487,0.00102,0,0.00935,0,0.0022,0,0,0.1801,0.00095,0.00524,Christianity
510,TAZ,0.44289,0,0.32332,0.00014,0,0.00509,0.00025,0,0.00334,0,0.00014,0,0.00058,0.21322,0.00348,0.0075,Christianity
516,BUI,0.83052,0,0.01652,0,0,0.00061,0,0,0.00065,0,0,0,0,0.13953,0.00079,0.01136,Christianity
517,RWA,0.75863,0,0.07198,0,0,0.00046,0,0,0.00174,0,0,0,0,0.14936,0.00105,0.01678,Christianity
520,SOM,0.001145455,0,0.993563636,0,0,0.000309091,0,0,0.000190909,0,0,0,0,0.000536364,0.0007,0.003554545,Islam
522,DJI,0.031985714,0,0.953371429,0,0,0.000442857,0,0,0.000628571,0,0,0,0,0,0.011114286,0.002457143,Islam
530,ETH,0.536814286,0.000714286,0.320314286,0,0,0.0001,0,0,0.000228571,0,0,0,0,0.13835,0.00055,0.002978571,Christianity
531,ERI,0.4953,0,0.479375,0,0,0.0002,0,0,0.0003,0,0,0,0,0.007425,0.015275,0.002175,Christianity
540,ANG,0.892975,0,0.00875,0.0001,0,0,0,0,0.0001,0,0,0,0,0.077775,0.010075,0.0102375,Christianity
541,MZM,0.4099,0,0.1796375,2.50E-05,0,0.0012375,0,0,0.0001125,0,0,0,7.50E-05,0.397325,0.0041375,0.0075,Christianity
551,ZAM,0.75694,0.00013,0.00581,0.00025,0,0.00228,0,0,0.00925,0,0,0,0.00034,0.21215,0.00229,0.01053,Christianity
552,ZIM,0.65047,0.00096,0.00871,2.00E-05,0,0.0011,0,0,0.00227,0,0,0,0,0.30841,0.00925,0.01875,Christianity
553,MAW,0.64445,0,0.16686,0,0,0.00167,2.00E-05,0,0.00205,0,0,0,0,0.16857,0.00227,0.01402,Christianity
560,SAF,0.745414286,0.004335714,0.012,0.000892857,0,0.016028571,0.000171429,0,0.000371429,0,0,0.000107143,0.00025,0.189,0.028207143,0.0032,Christianity
565,NAM,0.88452,0.0007,0.00376,0,0,0.00066,0,0,0.00312,0,0,0,0,0.0872,0.01558,0.00442,Christianity
570,LES,0.892688889,0,0.000544444,0,0,0.0004,0,0,0.006788889,0,0,0,0,0.092644444,0.002066667,0.004866667,Christianity
571,BOT,0.533944444,0.000155556,0.009277778,0.000188889,0,0.001022222,8.89E-05,0,0.0046,0,0,0,0.000166667,0.436822222,0.006566667,0.007188889,Christianity
572,SWA,0.787288889,0,0.003022222,0,0,0.001177778,0,0,0.007088889,0,0,0,0,0.190933333,0.008177778,0.0023,Christianity
580,MAG,0.528636364,0,0.024909091,0.000236364,0,0.000290909,0,0,0.000718182,0,0,0,0.000545455,0.44,0.002445455,0.002254545,Christianity
581,COM,0.004575,0,0.980525,0,0,0,0,0,0.000925,0,0,0,0,0.0094125,0.0013125,0.0032875,Islam
590,MAS,0.337611111,0,0.165166667,0.003966667,0,0.461522222,0.001566667,0,0.008533333,0,0,0,0.006477778,0.001311111,0.011133333,0.002688889,Hindu
591,SEY,0.954971429,0,0.007242857,0.000828571,0.000257143,0.012557143,0,0,0.004042857,0.000157143,0.000242857,0,0.000685714,0.002028571,0.011871429,0.005071429,Christianity
600,MOR,0.017033333,0.0044,0.973991667,0,0,0,0,0,6.67E-05,0,0,0,0,0,0.000441667,0.004058333,Islam
615,ALG,0.00829,0.00021,0.97592,0,0,0,0,0,1.00E-05,0,0,0,0,8.00E-05,0.00354,0.01192,Islam
616,TUN,0.013683333,0.005933333,0.969483333,0,0,0,0,0,8.33E-06,0,0,0,0,0,2.50E-05,0.010858333,Islam
620,LIB,0.028315385,0,0.948107692,1.00E-04,0,2.31E-05,7.69E-06,0,7.69E-06,0,0,0,7.69E-06,0,0.000153846,0.023261538,Islam
625,SUD,0.086154545,0,0.704545455,0,0,0,0,0,9.09E-06,0,0,0,0,0.198018182,0.001681818,0.009581818,Islam
630,IRN,0.005614286,0.001221429,0.975192857,0,0.001885714,4.29E-05,7.14E-06,0,0.0033,0,0,0,0,0,0.000807143,0.01195,Islam
640,TUR,0.007421429,0.000707143,0.985671429,5.00E-05,0,0,0,0,5.71E-05,0,0,0,1.43E-05,0,0.001064286,0.004992857,Islam
645,IRQ,0.028814286,0.0035,0.945057143,0,0,0,0,0,1.43E-05,0,0,0,6.43E-05,0,0.003357143,0.019157143,Islam
651,EGY,0.116828571,0.000571429,0.86965,0,0,0,0,0,1.43E-05,0,0,0,0,0,0.002121429,0.010807143,Islam
652,SYR,0.094815385,0.000953846,0.8911,0,0,0,0,0,0,0,0,0,0,0,0.003746154,0.009384615,Islam
660,LEB,0.485471429,0,0.472242857,0.004057143,0,0,0,0,5.71E-05,0,0,0,0,0,0.011614286,0.026557143,Christianity
663,JOR,0.048507143,0,0.938935714,0,0,0,0,0,0.000207143,0,0,0,0,0,0.00435,0.007985714,Islam
666,ISR,0.023684615,0.828569231,0.129023077,0,0,0,0,0,0,0,0,0,0,0,0.008615385,0.010130769,Judaism
670,SAU,0.015571429,0,0.964335714,0.000457143,0,0.003435714,0.000228571,0,4.29E-05,0,0,0,0.000142857,0,0.003907143,0.011878571,Islam
678,YAR,7.00E-05,0.02066,0.96005,0,0,0,0,0,0,0,0,0,0,0,0,0.01921,Islam
679,YEM,0,0,0.99648,0,0,0,0,0,0,0,0,0,0,0,0,0.00352,Islam
680,YPR,0,0,0.98514,0,0,0,0,0,2.00E-05,0,0,0,0,0,0,0.01484,Islam
690,KUW,0.034027273,0,0.905745455,0,0,0.0131,4.55E-05,0,0.0012,0,0,0,0,0,0.000854545,0.045036364,Islam
692,BAH,0.055355556,0.000111111,0.908555556,2.22E-05,0,0.005844444,0,0,0.000277778,0,0,0,0,0,0.000155556,0.029666667,Islam
694,QAT,0.069144444,0,0.807511111,0.009488889,0,0.066911111,0,0,0.000411111,0,0,0,0,0,0.007911111,0.038644444,Islam
696,UAE,0.037111111,0,0.8278,0.001044444,0,0.082255556,0.000233333,0,0.003722222,0,0,0,0,0,0.004977778,0.042877778,Islam
698,OMA,0.022333333,0,0.934288889,0.001511111,0,0.014222222,0.002733333,0,0.000355556,0,0,0,0,1.11E-05,0.000444444,0.0241,Islam
700,AFG,0.000392857,1.43E-05,0.976407143,0.000228571,0.001935714,0.003635714,0.000185714,0,0.000285714,0,0,0,0,0.000835714,0.006942857,0.00915,Islam
701,TKM,0.09,2.50E-05,0.89,0.0001,0,0,0,0,0.0002,0,0,0,0,0,0.01,0.009675,Islam
702,TAJ,0.025225,0.0006,0.9125,0.00035,0.0003,0,0,0,0.000175,0,0,0,0,0.000225,0.0423,0.0183,Islam
703,KYR,0.130825,0.000375,0.773375,0.001025,5.00E-05,0,0,0,2.50E-05,0,0,0,0,0.001,0.056225,0.037075,Islam
704,UZB,0.07915,0.00105,0.9,0,0,0,0,0,0,0,0,0,0,0,0.014675,0.0051,Islam
705,KZK,0.281825,0.000425,0.510375,0.000275,5.00E-05,0,2.50E-05,0,5.00E-05,0,0,0,2.50E-05,0.00045,0.203375,0.003175,Islam
710,CHN,0.026142857,0,0.019592857,0.097364286,0,0,0,0,0,0.001628571,0,0,0.4738,0.044928571,0.332042857,0.004485714,Syncretic
712,MON,0.006814286,0,0.025992857,0.277871429,0,0,0,0,0,0,0,0,0.004178571,0.30235,0.370578571,0.012178571,Non
713,TAW,0.055138462,0,0.004146154,0.266753846,0,0,0,0,0.000353846,0.147315385,0,9.23E-05,0.493261538,0.003653846,0.025584615,0.003707692,Syncretic
731,PRK,0.018930769,0,1.54E-05,0.038261538,0,0,0,0,0,0,0,0.03,0.000246154,0.276238462,0.634584615,0.001723077,Non
732,ROK,0.207684615,0,0.000361538,0.192561538,0,0,0,0.0003,0.000446154,0,0,0.076553846,0.000492308,0.286161538,0.229107692,0.0063,Animist
740,JPN,0.024328571,0,0.000664286,0.7068,0,0.000121429,0,0.776485714,0.0001,0,0,0.000478571,0.000871429,4.29E-05,0.083821429,0,Shinto
750,IND,0.034392308,7.69E-06,0.120676923,0.007092308,0.000207692,0.778476923,0.018815385,0,0.001430769,0,0.004538462,0,0.0001,0.027169231,0.005738462,0.001330769,Hindu
760,BHU,0.00765,0,0.0170625,0.7734,0,0.1728625,0,0,0.0001625,0,0,0,0,0.0263125,0.0003875,0.0021875,Buddhism
770,PAK,0.020446154,0,0.942461538,0.001069231,8.46E-05,0.032323077,0.000307692,0,0.000330769,0,0,0,0,0.001030769,0.0005,0.001415385,Islam
771,BNG,0.0011,0,0.8824375,0.005625,0,0.1060875,2.50E-05,0,3.75E-05,0,0,0,0,0.0017875,0.0014625,0.001425,Islam
775,MYA,0.062630769,0,0.037023077,0.760392308,0,0.014615385,0.000176923,0,0.000784615,0,4.62E-05,0.004592308,0.002861538,0.113092308,0.003069231,0.000676923,Buddhism
780,SRI,0.081923077,0,0.077292308,0.683576923,8.46E-05,0.145930769,0.001530769,0,0.000507692,0,0,0,0,3.85E-05,0.006230769,0.002823077,Buddhism
781,MAD,0.0027,0,0.96915,0.00535,0,0.00036,0,0,0.00015,0,0,0,0,0,0.00011,0.02218,Islam
790,NEP,0.008514286,0,0.030821429,0.117614286,0,0.743135714,0.0001,0,0.000157143,0,0.000128571,0,0.000214286,0.093814286,0.002385714,0.003085714,Hindu
800,THI,0.011335714,0,0.049335714,0.8941,0,0.001642857,0.000314286,0,0.000471429,0,0,0.001185714,0.015878571,0.017557143,0.006542857,0.001621429,Buddhism
811,CAM,0.01155,0,0.024558333,0.884525,0,0.000758333,0,0,0.002491667,0,0,0,0.018766667,0.031033333,0.021733333,0.004558333,Buddhism
812,LAO,0.0226,0,0.005875,0.580183333,0,0.000366667,0,0,0.002241667,5.83E-05,0,0,0.006316667,0.351541667,0.028175,0.002625,Buddhism
816,DRV,0.07505,0,0.001258333,0.205,0,0.000375,0,0,0.006308333,0,0,0,0.023275,0.066508333,0.615558333,0.006675,Non
817,RVN,0.1381,0,0,0.52,0,0,0,0,0,0,0,0,0,0.16,0.15,0.0319,Buddhism
820,MAL,0.068954545,0,0.528027273,0.119072727,0,0.068245455,0.001527273,0,0.002518182,0,8.18E-05,0,0.163381818,0.040172727,0.003018182,0.005009091,Islam
830,SIN,0.11835,0.00017,0.16752,0.19429,7.00E-05,0.05314,0.0066,9.00E-05,0.00091,0.01692,0,0,0.36767,8.00E-05,0.06607,0.00814,Syncretic
835,BRU,0.088666667,3.33E-05,0.66215,0.106333333,0,0.00395,0,0,0.001483333,0,0,0.008866667,0.037766667,0.076583333,0.010416667,0.003733333,Islam
840,PHI,0.925438462,0,0.046715385,0.0012,0,0,0.000138462,0,0.001753846,0,0,0,0.001346154,0.015930769,0.004453846,0.002976923,Christianity
850,INS,0.094981818,0,0.796672727,0.009081818,0,0.019,3.64E-05,0,8.18E-05,0,0,0,0.007636364,0.063181818,0.007054545,0.002309091,Islam
860,ETM,0.98,0,0.0075,0.0005,0,0,0,0,0,0,0,0,0,0.0069,0.00385,0.0013,Christianity
900,AUL,0.856992857,0.005142857,0.007221429,0.007142857,3.57E-05,0.002464286,0.000507143,0,0.0007,7.14E-05,0,0.000835714,0.001585714,0.001471429,0.113857143,0.00195,Christianity
910,PNG,0.9582875,7.50E-05,0.0003375,0.0008625,0,0,0,0,0.0060875,0,0,0,0.0007125,0.0272375,0.0031375,0.0032375,Christianity
920,NEW,0.845835714,0.00145,0.00305,0.005807143,0,0.006078571,0.000635714,0,0.000957143,0,0,0,0.002528571,0.004642857,0.124807143,0.004207143,Christianity
935,VAN,0.877233333,0,0,0.001683333,0,0,0,0,0.031716667,0,0,0,0,0.047433333,0.01815,0.02375,Christianity
940,SOL,0.932414286,0,0.001814286,0.003328571,0,0,0,0,0.004985714,0,0,0,0,0.043914286,0.002428571,0.011142857,Christianity
946,KIR,0.963333333,0,0,0.000166667,0,0,0,0,0.0216,0,0,0,0,0,0.007533333,0.0074,Christianity
947,TUV,0.9633,0,0.000666667,0,0,0,0,0,0.018366667,0,0,0,0,0,0.0134,0.0043,Christianity
950,FIJ,0.547333333,3.33E-05,0.070211111,0,0,0.3494,0.005811111,0,0.003411111,0,0.000211111,0,0.001055556,0.003944444,0.009788889,0.008811111,Christianity
955,TON,0.854033333,0,0,0.001166667,0,0.000966667,0,0,0.033766667,0,0,0,0,6.67E-05,0.0037,0.106333333,Christianity
970,NAU,0.976633333,0,0,0.005133333,0,0,0,0,0,0.004866667,0,0,0,0,0,0.013366667,Christianity
983,MSI,0.93315,0,0,0,0,0,0,0,0.041575,0,0,0,0,0.009975,0.014725,0.000575,Christianity
986,PAL,0.809075,0,0.0221,0.00845,0,0.00095,0,0,0.00715,0,0,0,0.002475,0.129725,0.012875,0.0072,Christianity
987,FSM,0.86825,0,0,0.005375,0,0,0,0,0.007225,0,0,0,0.003175,0.0609,0.02275,0.0323,Christianity
990,WSM,0.969471429,0,0.000257143,0.0001,0,0,0,0,0.012714286,0,0,0,0.0001,0,0.008814286,0.008571429,Christianity
