WarNum,WarName_x,WarType_x,Ccode,Player,Side,StartMonth1,StartDay1,StartYear1,EndMonth1,EndDay1,EndYear1,Initiator,WhereFought,Outcome,BatDeath,Ccode2,Player2,Side2,StartMonth2,StartDay2,StartYear2,EndMonth2,EndDay2,EndYear2,Initiator2,WhereFought2,Outcome2,BatDeath2
1,Franco-Spanish War,1,230,Spain,2,4,7,1823,11,13,1823,0,2,2,600,220,France,1,4,7,1823,11,13,1823,1,2,1,400
1,Franco-Spanish War,1,220,France,1,4,7,1823,11,13,1823,1,2,1,400,230,Spain,2,4,7,1823,11,13,1823,0,2,2,600
4,First Russo-Turkish,1,640,Ottoman Empire,2,4,26,1828,9,14,1829,0,11,2,80000,365,Russia,1,4,26,1828,9,14,1829,1,11,1,50000
4,First Russo-Turkish,1,365,Russia,1,4,26,1828,9,14,1829,1,11,1,50000,640,Ottoman Empire,2,4,26,1828,9,14,1829,0,11,2,80000
7,Mexican-American,1,70,Mexico,2,4,25,1846,9,14,1847,0,1,2,6000,2,United States of America,1,4,25,1846,9,14,1847,1,1,1,13283
7,Mexican-American,1,2,United States of America,1,4,25,1846,9,14,1847,1,1,1,13283,70,Mexico,2,4,25,1846,9,14,1847,0,1,2,6000
10,Austro-Sardinian,1,337,Tuscany,2,3,29,1848,8,9,1848,0,2,2,100,300,Austria,1,3,24,1848,3,30,1849,0,2,1,3927
10,Austro-Sardinian,1,325,Italy,2,3,24,1848,3,30,1849,1,2,2,3400,300,Austria,1,3,24,1848,3,30,1849,0,2,1,3927
10,Austro-Sardinian,1,300,Austria,1,3,24,1848,3,30,1849,0,2,1,3927,337,Tuscany,2,3,29,1848,8,9,1848,0,2,2,100
10,Austro-Sardinian,1,300,Austria,1,3,24,1848,3,30,1849,0,2,1,3927,325,Italy,2,3,24,1848,3,30,1849,1,2,2,3400
10,Austro-Sardinian,1,300,Austria,1,3,24,1848,3,30,1849,0,2,1,3927,332,Modena,2,4,9,1848,8,9,1848,0,2,2,100
10,Austro-Sardinian,1,332,Modena,2,4,9,1848,8,9,1848,0,2,2,100,300,Austria,1,3,24,1848,3,30,1849,0,2,1,3927
13,First Schleswig-Holstein,1,255,Prussia,1,4,10,1848,7,10,1849,1,2,1,2500,390,Denmark,2,4,10,1848,7,10,1849,0,2,2,3500
13,First Schleswig-Holstein,1,390,Denmark,2,4,10,1848,7,10,1849,0,2,2,3500,255,Prussia,1,4,10,1848,7,10,1849,1,2,1,2500
16,Roman Republic,1,220,France,1,4,30,1849,7,2,1849,1,2,1,1000,327,Papal States,2,4,30,1849,7,2,1849,0,2,2,1400
16,Roman Republic,1,329,Two Sicilies,1,5,8,1849,7,2,1849,0,2,1,100,327,Papal States,2,4,30,1849,7,2,1849,0,2,2,1400
16,Roman Republic,1,300,Austria,1,5,8,1849,7,2,1849,0,2,1,100,327,Papal States,2,4,30,1849,7,2,1849,0,2,2,1400
16,Roman Republic,1,327,Papal States,2,4,30,1849,7,2,1849,0,2,2,1400,220,France,1,4,30,1849,7,2,1849,1,2,1,1000
16,Roman Republic,1,327,Papal States,2,4,30,1849,7,2,1849,0,2,2,1400,329,Two Sicilies,1,5,8,1849,7,2,1849,0,2,1,100
16,Roman Republic,1,327,Papal States,2,4,30,1849,7,2,1849,0,2,2,1400,300,Austria,1,5,8,1849,7,2,1849,0,2,1,100
19,La Plata,1,160,Argentina,2,7,19,1851,2,3,1852,0,1,2,800,140,Brazil,1,7,19,1851,2,3,1852,1,1,1,500
19,La Plata,1,140,Brazil,1,7,19,1851,2,3,1852,1,1,1,500,160,Argentina,2,7,19,1851,2,3,1852,0,1,2,800
22,Crimean,1,640,Turkey,1,10,23,1853,3,1,1856,1,2,1,45000,365,Russia,2,10,23,1853,3,1,1856,0,2,2,100000
22,Crimean,1,325,Italy,1,1,10,1855,3,1,1856,0,2,1,2200,365,Russia,2,10,23,1853,3,1,1856,0,2,2,100000
22,Crimean,1,220,France,1,3,31,1854,3,1,1856,0,2,1,95000,365,Russia,2,10,23,1853,3,1,1856,0,2,2,100000
22,Crimean,1,200,United Kingdom,1,3,31,1854,3,1,1856,0,2,1,22000,365,Russia,2,10,23,1853,3,1,1856,0,2,2,100000
22,Crimean,1,365,Russia,2,10,23,1853,3,1,1856,0,2,2,100000,640,Turkey,1,10,23,1853,3,1,1856,1,2,1,45000
22,Crimean,1,365,Russia,2,10,23,1853,3,1,1856,0,2,2,100000,325,Italy,1,1,10,1855,3,1,1856,0,2,1,2200
22,Crimean,1,365,Russia,2,10,23,1853,3,1,1856,0,2,2,100000,220,France,1,3,31,1854,3,1,1856,0,2,1,95000
22,Crimean,1,365,Russia,2,10,23,1853,3,1,1856,0,2,2,100000,200,United Kingdom,1,3,31,1854,3,1,1856,0,2,1,22000
25,Anglo-Persian,1,200,United Kingdom,1,10,25,1856,4,5,1857,1,6,1,500,630,Iran,2,10,25,1856,4,5,1857,0,6,2,1500
25,Anglo-Persian,1,630,Iran,2,10,25,1856,4,5,1857,0,6,2,1500,200,United Kingdom,1,10,25,1856,4,5,1857,1,6,1,500
28,Italian Unification,1,325,Sardinia/Piedmont,1,4,29,1859,7,12,1859,0,2,1,2500,300,Austria,2,4,29,1859,7,12,1859,1,2,2,12500
28,Italian Unification,1,300,Austria,2,4,29,1859,7,12,1859,1,2,2,12500,325,Sardinia/Piedmont,1,4,29,1859,7,12,1859,0,2,1,2500
28,Italian Unification,1,300,Austria,2,4,29,1859,7,12,1859,1,2,2,12500,220,France,1,5,3,1859,7,12,1859,0,2,1,7500
28,Italian Unification,1,220,France,1,5,3,1859,7,12,1859,0,2,1,7500,300,Austria,2,4,29,1859,7,12,1859,1,2,2,12500
31,First Spanish-Moroccan,1,600,Morocco,2,10,22,1859,3,25,1860,0,6,2,6000,230,Spain,1,10,22,1859,3,25,1860,1,6,1,4000
31,First Spanish-Moroccan,1,230,Spain,1,10,22,1859,3,25,1860,1,6,1,4000,600,Morocco,2,10,22,1859,3,25,1860,0,6,2,6000
34,Italian-Roman,1,325,Sardinia/Piedmont,1,9,11,1860,9,29,1860,1,2,1,300,327,Papal States,2,9,11,1860,9,29,1860,0,2,2,700
34,Italian-Roman,1,327,Papal States,2,9,11,1860,9,29,1860,0,2,2,700,325,Sardinia/Piedmont,1,9,11,1860,9,29,1860,1,2,1,300
37,Neapolitan,1,329,Two Sicilies,2,10,15,1860,2,13,1861,0,2,2,400,325,Sardinia/Piedmont,1,10,15,1860,2,13,1861,1,2,1,600
37,Neapolitan,1,325,Sardinia/Piedmont,1,10,15,1860,2,13,1861,1,2,1,600,329,Two Sicilies,2,10,15,1860,2,13,1861,0,2,2,400
40,Franco-Mexican,1,70,Mexico,1,4,16,1862,2,5,1867,0,1,4,12000,220,France,2,4,16,1862,2,5,1867,1,1,4,8000
40,Franco-Mexican,1,220,France,2,4,16,1862,2,5,1867,1,1,4,8000,70,Mexico,1,4,16,1862,2,5,1867,0,1,4,12000
43,Ecuadorian-Colombian,1,100,Colombia,1,11,22,1863,12,6,1863,1,1,1,300,130,Ecuador,2,11,22,1863,12,6,1863,0,1,2,700
43,Ecuadorian-Colombian,1,130,Ecuador,2,11,22,1863,12,6,1863,0,1,2,700,100,Colombia,1,11,22,1863,12,6,1863,1,1,1,300
46,Second Schleswig-Holstein,1,255,Germany,1,2,1,1864,7,20,1864,1,2,1,1048,390,Denmark,2,2,1,1864,7,20,1864,0,2,2,2933
46,Second Schleswig-Holstein,1,390,Denmark,2,2,1,1864,7,20,1864,0,2,2,2933,255,Germany,1,2,1,1864,7,20,1864,1,2,1,1048
46,Second Schleswig-Holstein,1,390,Denmark,2,2,1,1864,7,20,1864,0,2,2,2933,300,Austria,1,2,1,1864,7,20,1864,0,2,1,500
46,Second Schleswig-Holstein,1,300,Austria,1,2,1,1864,7,20,1864,0,2,1,500,390,Denmark,2,2,1,1864,7,20,1864,0,2,2,2933
49,Lopez,1,160,Argentina,1,3,5,1865,3,1,1870,0,1,1,10000,150,Paraguay,2,11,12,1864,3,1,1870,1,1,2,200000
49,Lopez,1,150,Paraguay,2,11,12,1864,3,1,1870,1,1,2,200000,160,Argentina,1,3,5,1865,3,1,1870,0,1,1,10000
49,Lopez,1,150,Paraguay,2,11,12,1864,3,1,1870,1,1,2,200000,140,Brazil,1,11,12,1864,3,1,1870,0,1,1,100000
49,Lopez,1,140,Brazil,1,11,12,1864,3,1,1870,0,1,1,100000,150,Paraguay,2,11,12,1864,3,1,1870,1,1,2,200000
52,Naval War,1,155,Chile,1,9,25,1865,5,9,1866,0,1,1,100,230,Spain,2,9,25,1865,5,9,1866,1,1,2,300
52,Naval War,1,135,Peru,1,1,14,1866,5,9,1866,0,1,1,600,230,Spain,2,9,25,1865,5,9,1866,1,1,2,300
52,Naval War,1,230,Spain,2,9,25,1865,5,9,1866,1,1,2,300,155,Chile,1,9,25,1865,5,9,1866,0,1,1,100
52,Naval War,1,230,Spain,2,9,25,1865,5,9,1866,1,1,2,300,135,Peru,1,1,14,1866,5,9,1866,0,1,1,600
55,Seven Weeks,1,325,Italy,1,6,20,1866,7,26,1866,0,2,1,4000,275,Hesse Grand Ducal,2,6,15,1866,7,26,1866,0,2,2,100
55,Seven Weeks,1,325,Italy,1,6,20,1866,7,26,1866,0,2,1,4000,271,Wuerttemburg,2,6,15,1866,7,26,1866,0,2,2,100
55,Seven Weeks,1,325,Italy,1,6,20,1866,7,26,1866,0,2,1,4000,245,Bavaria,2,6,15,1866,7,26,1866,0,2,2,500
55,Seven Weeks,1,325,Italy,1,6,20,1866,7,26,1866,0,2,1,4000,300,Austria,2,6,15,1866,7,26,1866,0,2,2,28000
55,Seven Weeks,1,325,Italy,1,6,20,1866,7,26,1866,0,2,1,4000,273,Hesse Electoral,2,6,15,1866,7,26,1866,0,2,2,100
55,Seven Weeks,1,325,Italy,1,6,20,1866,7,26,1866,0,2,1,4000,269,Saxony,2,6,15,1866,7,26,1866,0,2,2,600
55,Seven Weeks,1,325,Italy,1,6,20,1866,7,26,1866,0,2,1,4000,267,Baden,2,6,15,1866,7,26,1866,0,2,2,100
55,Seven Weeks,1,325,Italy,1,6,20,1866,7,26,1866,0,2,1,4000,240,Hanover,2,6,15,1866,6,29,1866,0,2,2,500
55,Seven Weeks,1,275,Hesse Grand Ducal,2,6,15,1866,7,26,1866,0,2,2,100,325,Italy,1,6,20,1866,7,26,1866,0,2,1,4000
55,Seven Weeks,1,275,Hesse Grand Ducal,2,6,15,1866,7,26,1866,0,2,2,100,255,Germany,1,6,15,1866,7,26,1866,1,2,1,10000
55,Seven Weeks,1,275,Hesse Grand Ducal,2,6,15,1866,7,26,1866,0,2,2,100,280,Mecklenburg Schwerin,1,6,15,1866,7,26,1866,0,2,1,100
55,Seven Weeks,1,271,Wuerttemburg,2,6,15,1866,7,26,1866,0,2,2,100,325,Italy,1,6,20,1866,7,26,1866,0,2,1,4000
55,Seven Weeks,1,271,Wuerttemburg,2,6,15,1866,7,26,1866,0,2,2,100,255,Germany,1,6,15,1866,7,26,1866,1,2,1,10000
55,Seven Weeks,1,271,Wuerttemburg,2,6,15,1866,7,26,1866,0,2,2,100,280,Mecklenburg Schwerin,1,6,15,1866,7,26,1866,0,2,1,100
55,Seven Weeks,1,245,Bavaria,2,6,15,1866,7,26,1866,0,2,2,500,325,Italy,1,6,20,1866,7,26,1866,0,2,1,4000
55,Seven Weeks,1,245,Bavaria,2,6,15,1866,7,26,1866,0,2,2,500,255,Germany,1,6,15,1866,7,26,1866,1,2,1,10000
55,Seven Weeks,1,245,Bavaria,2,6,15,1866,7,26,1866,0,2,2,500,280,Mecklenburg Schwerin,1,6,15,1866,7,26,1866,0,2,1,100
55,Seven Weeks,1,300,Austria,2,6,15,1866,7,26,1866,0,2,2,28000,325,Italy,1,6,20,1866,7,26,1866,0,2,1,4000
55,Seven Weeks,1,300,Austria,2,6,15,1866,7,26,1866,0,2,2,28000,255,Germany,1,6,15,1866,7,26,1866,1,2,1,10000
55,Seven Weeks,1,300,Austria,2,6,15,1866,7,26,1866,0,2,2,28000,280,Mecklenburg Schwerin,1,6,15,1866,7,26,1866,0,2,1,100
55,Seven Weeks,1,255,Germany,1,6,15,1866,7,26,1866,1,2,1,10000,275,Hesse Grand Ducal,2,6,15,1866,7,26,1866,0,2,2,100
55,Seven Weeks,1,255,Germany,1,6,15,1866,7,26,1866,1,2,1,10000,271,Wuerttemburg,2,6,15,1866,7,26,1866,0,2,2,100
55,Seven Weeks,1,255,Germany,1,6,15,1866,7,26,1866,1,2,1,10000,245,Bavaria,2,6,15,1866,7,26,1866,0,2,2,500
55,Seven Weeks,1,255,Germany,1,6,15,1866,7,26,1866,1,2,1,10000,300,Austria,2,6,15,1866,7,26,1866,0,2,2,28000
55,Seven Weeks,1,255,Germany,1,6,15,1866,7,26,1866,1,2,1,10000,273,Hesse Electoral,2,6,15,1866,7,26,1866,0,2,2,100
55,Seven Weeks,1,255,Germany,1,6,15,1866,7,26,1866,1,2,1,10000,269,Saxony,2,6,15,1866,7,26,1866,0,2,2,600
55,Seven Weeks,1,255,Germany,1,6,15,1866,7,26,1866,1,2,1,10000,267,Baden,2,6,15,1866,7,26,1866,0,2,2,100
55,Seven Weeks,1,255,Germany,1,6,15,1866,7,26,1866,1,2,1,10000,240,Hanover,2,6,15,1866,6,29,1866,0,2,2,500
55,Seven Weeks,1,280,Mecklenburg Schwerin,1,6,15,1866,7,26,1866,0,2,1,100,275,Hesse Grand Ducal,2,6,15,1866,7,26,1866,0,2,2,100
55,Seven Weeks,1,280,Mecklenburg Schwerin,1,6,15,1866,7,26,1866,0,2,1,100,271,Wuerttemburg,2,6,15,1866,7,26,1866,0,2,2,100
55,Seven Weeks,1,280,Mecklenburg Schwerin,1,6,15,1866,7,26,1866,0,2,1,100,245,Bavaria,2,6,15,1866,7,26,1866,0,2,2,500
55,Seven Weeks,1,280,Mecklenburg Schwerin,1,6,15,1866,7,26,1866,0,2,1,100,300,Austria,2,6,15,1866,7,26,1866,0,2,2,28000
55,Seven Weeks,1,280,Mecklenburg Schwerin,1,6,15,1866,7,26,1866,0,2,1,100,273,Hesse Electoral,2,6,15,1866,7,26,1866,0,2,2,100
55,Seven Weeks,1,280,Mecklenburg Schwerin,1,6,15,1866,7,26,1866,0,2,1,100,269,Saxony,2,6,15,1866,7,26,1866,0,2,2,600
55,Seven Weeks,1,280,Mecklenburg Schwerin,1,6,15,1866,7,26,1866,0,2,1,100,267,Baden,2,6,15,1866,7,26,1866,0,2,2,100
55,Seven Weeks,1,280,Mecklenburg Schwerin,1,6,15,1866,7,26,1866,0,2,1,100,240,Hanover,2,6,15,1866,6,29,1866,0,2,2,500
55,Seven Weeks,1,273,Hesse Electoral,2,6,15,1866,7,26,1866,0,2,2,100,325,Italy,1,6,20,1866,7,26,1866,0,2,1,4000
55,Seven Weeks,1,273,Hesse Electoral,2,6,15,1866,7,26,1866,0,2,2,100,255,Germany,1,6,15,1866,7,26,1866,1,2,1,10000
55,Seven Weeks,1,273,Hesse Electoral,2,6,15,1866,7,26,1866,0,2,2,100,280,Mecklenburg Schwerin,1,6,15,1866,7,26,1866,0,2,1,100
55,Seven Weeks,1,269,Saxony,2,6,15,1866,7,26,1866,0,2,2,600,325,Italy,1,6,20,1866,7,26,1866,0,2,1,4000
55,Seven Weeks,1,269,Saxony,2,6,15,1866,7,26,1866,0,2,2,600,255,Germany,1,6,15,1866,7,26,1866,1,2,1,10000
55,Seven Weeks,1,269,Saxony,2,6,15,1866,7,26,1866,0,2,2,600,280,Mecklenburg Schwerin,1,6,15,1866,7,26,1866,0,2,1,100
55,Seven Weeks,1,267,Baden,2,6,15,1866,7,26,1866,0,2,2,100,325,Italy,1,6,20,1866,7,26,1866,0,2,1,4000
55,Seven Weeks,1,267,Baden,2,6,15,1866,7,26,1866,0,2,2,100,255,Germany,1,6,15,1866,7,26,1866,1,2,1,10000
55,Seven Weeks,1,267,Baden,2,6,15,1866,7,26,1866,0,2,2,100,280,Mecklenburg Schwerin,1,6,15,1866,7,26,1866,0,2,1,100
55,Seven Weeks,1,240,Hanover,2,6,15,1866,6,29,1866,0,2,2,500,325,Italy,1,6,20,1866,7,26,1866,0,2,1,4000
55,Seven Weeks,1,240,Hanover,2,6,15,1866,6,29,1866,0,2,2,500,255,Germany,1,6,15,1866,7,26,1866,1,2,1,10000
55,Seven Weeks,1,240,Hanover,2,6,15,1866,6,29,1866,0,2,2,500,280,Mecklenburg Schwerin,1,6,15,1866,7,26,1866,0,2,1,100
58,Franco-Prussian,1,271,Wuerttemburg,1,7,19,1870,11,25,1870,0,2,1,976,220,France,2,7,19,1870,2,26,1871,1,2,2,152000
58,Franco-Prussian,1,267,Baden,1,7,19,1870,11,22,1870,0,2,1,956,220,France,2,7,19,1870,2,26,1871,1,2,2,152000
58,Franco-Prussian,1,255,Germany,1,7,19,1870,2,26,1871,0,2,1,44781,220,France,2,7,19,1870,2,26,1871,1,2,2,152000
58,Franco-Prussian,1,245,Bavaria,1,7,19,1870,11,15,1870,0,2,1,5600,220,France,2,7,19,1870,2,26,1871,1,2,2,152000
58,Franco-Prussian,1,220,France,2,7,19,1870,2,26,1871,1,2,2,152000,271,Wuerttemburg,1,7,19,1870,11,25,1870,0,2,1,976
58,Franco-Prussian,1,220,France,2,7,19,1870,2,26,1871,1,2,2,152000,267,Baden,1,7,19,1870,11,22,1870,0,2,1,956
58,Franco-Prussian,1,220,France,2,7,19,1870,2,26,1871,1,2,2,152000,255,Germany,1,7,19,1870,2,26,1871,0,2,1,44781
58,Franco-Prussian,1,220,France,2,7,19,1870,2,26,1871,1,2,2,152000,245,Bavaria,1,7,19,1870,11,15,1870,0,2,1,5600
60,First Central American,1,90,Guatemala,1,3,27,1876,4,25,1876,1,1,1,2000,92,El Salvador,2,3,27,1876,4,25,1876,0,1,2,2000
60,First Central American,1,92,El Salvador,2,3,27,1876,4,25,1876,0,1,2,2000,90,Guatemala,1,3,27,1876,4,25,1876,1,1,1,2000
61,Second Russo-Turkish,1,640,Turkey,2,4,24,1877,1,31,1878,0,11,2,165000,365,Russia,1,4,24,1877,1,31,1878,1,11,1,120000
61,Second Russo-Turkish,1,365,Russia,1,4,24,1877,1,31,1878,1,11,1,120000,640,Turkey,2,4,24,1877,1,31,1878,0,11,2,165000
64,War of the Pacific,1,155,Chile,1,2,14,1879,12,11,1883,1,1,1,3276,135,Peru,2,4,5,1879,10,23,1883,0,1,2,9672
64,War of the Pacific,1,155,Chile,1,2,14,1879,12,11,1883,1,1,1,3276,145,Bolivia,2,2,14,1879,12,11,1883,0,1,2,920
64,War of the Pacific,1,135,Peru,2,4,5,1879,10,23,1883,0,1,2,9672,155,Chile,1,2,14,1879,12,11,1883,1,1,1,3276
64,War of the Pacific,1,145,Bolivia,2,2,14,1879,12,11,1883,0,1,2,920,155,Chile,1,2,14,1879,12,11,1883,1,1,1,3276
65,Conquest of Egypt,1,651,Egypt,2,7,11,1882,9,15,1882,0,6,2,10000,200,United Kingdom,1,7,11,1882,9,15,1882,1,6,1,79
65,Conquest of Egypt,1,200,United Kingdom,1,7,11,1882,9,15,1882,1,6,1,79,651,Egypt,2,7,11,1882,9,15,1882,0,6,2,10000
67,Sino-French,1,220,France,1,6,15,1884,6,9,1885,1,7,1,2100,710,China,2,6,15,1884,6,9,1885,0,7,2,10000
67,Sino-French,1,710,China,2,6,15,1884,6,9,1885,0,7,2,10000,220,France,1,6,15,1884,6,9,1885,1,7,1,2100
70,Second Central American,1,92,El Salvador,1,3,28,1885,4,15,1885,0,1,1,200,90,Guatemala,2,3,28,1885,4,15,1885,1,1,2,800
70,Second Central American,1,90,Guatemala,2,3,28,1885,4,15,1885,1,1,2,800,92,El Salvador,1,3,28,1885,4,15,1885,0,1,1,200
73,First Sino-Japanese,1,710,China,2,7,25,1894,3,30,1895,0,7,2,10000,740,Japan,1,7,25,1894,3,30,1895,1,7,1,5000
73,First Sino-Japanese,1,740,Japan,1,7,25,1894,3,30,1895,1,7,1,5000,710,China,2,7,25,1894,3,30,1895,0,7,2,10000
76,Greco-Turkish,1,350,Greece,2,2,15,1897,5,19,1897,1,2,2,600,640,Turkey,1,2,15,1897,5,19,1897,0,2,1,1400
76,Greco-Turkish,1,640,Turkey,1,2,15,1897,5,19,1897,0,2,1,1400,350,Greece,2,2,15,1897,5,19,1897,1,2,2,600
79,Spanish-American,1,230,Spain,2,4,22,1898,8,12,1898,0,13,2,775,2,United States of America,1,4,22,1898,8,12,1898,1,13,1,2910
79,Spanish-American,1,2,United States of America,1,4,22,1898,8,12,1898,1,13,1,2910,230,Spain,2,4,22,1898,8,12,1898,0,13,2,775
82,Boxer Rebellion,1,365,Russia,1,6,17,1900,8,14,1900,1,7,1,302,710,China,2,6,17,1900,8,14,1900,0,7,2,2000
82,Boxer Rebellion,1,740,Japan,1,6,17,1900,8,14,1900,1,7,1,622,710,China,2,6,17,1900,8,14,1900,0,7,2,2000
82,Boxer Rebellion,1,2,United States of America,1,6,17,1900,8,14,1900,1,7,1,21,710,China,2,6,17,1900,8,14,1900,0,7,2,2000
82,Boxer Rebellion,1,710,China,2,6,17,1900,8,14,1900,0,7,2,2000,365,Russia,1,6,17,1900,8,14,1900,1,7,1,302
82,Boxer Rebellion,1,710,China,2,6,17,1900,8,14,1900,0,7,2,2000,740,Japan,1,6,17,1900,8,14,1900,1,7,1,622
82,Boxer Rebellion,1,710,China,2,6,17,1900,8,14,1900,0,7,2,2000,2,United States of America,1,6,17,1900,8,14,1900,1,7,1,21
82,Boxer Rebellion,1,710,China,2,6,17,1900,8,14,1900,0,7,2,2000,200,United Kingdom,1,6,17,1900,8,14,1900,1,7,1,34
82,Boxer Rebellion,1,710,China,2,6,17,1900,8,14,1900,0,7,2,2000,220,France,1,6,17,1900,8,14,1900,1,7,1,24
82,Boxer Rebellion,1,200,United Kingdom,1,6,17,1900,8,14,1900,1,7,1,34,710,China,2,6,17,1900,8,14,1900,0,7,2,2000
82,Boxer Rebellion,1,220,France,1,6,17,1900,8,14,1900,1,7,1,24,710,China,2,6,17,1900,8,14,1900,0,7,2,2000
83,Sino-Russian,1,365,Russia,1,7,17,1900,10,10,1900,1,7,1,242,710,China,2,7,17,1900,10,10,1900,0,7,2,3758
83,Sino-Russian,1,710,China,2,7,17,1900,10,10,1900,0,7,2,3758,365,Russia,1,7,17,1900,10,10,1900,1,7,1,242
85,Russo-Japanese,1,740,Japan,1,2,8,1904,9,15,1905,1,7,1,80378,365,Russia,2,2,8,1904,9,15,1905,0,7,2,71453
85,Russo-Japanese,1,365,Russia,2,2,8,1904,9,15,1905,0,7,2,71453,740,Japan,1,2,8,1904,9,15,1905,1,7,1,80378
88,Third Central American,1,91,Honduras,2,5,27,1906,7,20,1906,0,1,2,300,90,Guatemala,1,5,27,1906,7,20,1906,1,1,1,400
88,Third Central American,1,92,El Salvador,2,5,27,1906,7,20,1906,0,1,2,300,90,Guatemala,1,5,27,1906,7,20,1906,1,1,1,400
88,Third Central American,1,90,Guatemala,1,5,27,1906,7,20,1906,1,1,1,400,91,Honduras,2,5,27,1906,7,20,1906,0,1,2,300
88,Third Central American,1,90,Guatemala,1,5,27,1906,7,20,1906,1,1,1,400,92,El Salvador,2,5,27,1906,7,20,1906,0,1,2,300
91,Fourth Central American,1,93,Nicaragua,1,2,19,1907,4,23,1907,1,1,1,400,92,El Salvador,2,2,19,1907,4,23,1907,0,1,2,300
91,Fourth Central American,1,93,Nicaragua,1,2,19,1907,4,23,1907,1,1,1,400,91,Honduras,2,2,19,1907,4,23,1907,0,1,2,300
91,Fourth Central American,1,92,El Salvador,2,2,19,1907,4,23,1907,0,1,2,300,93,Nicaragua,1,2,19,1907,4,23,1907,1,1,1,400
91,Fourth Central American,1,91,Honduras,2,2,19,1907,4,23,1907,0,1,2,300,93,Nicaragua,1,2,19,1907,4,23,1907,1,1,1,400
94,Second Spanish-Moroccan,1,230,Spain,1,7,7,1909,3,23,1910,1,6,1,2000,600,Morocco,2,7,7,1909,3,23,1910,0,6,2,8000
94,Second Spanish-Moroccan,1,600,Morocco,2,7,7,1909,3,23,1910,0,6,2,8000,230,Spain,1,7,7,1909,3,23,1910,1,6,1,2000
97,Italian-Turkish,1,325,Italy,1,9,29,1911,10,18,1912,1,6,1,6000,640,Turkey,2,9,29,1911,10,18,1912,0,6,2,14000
97,Italian-Turkish,1,640,Turkey,2,9,29,1911,10,18,1912,0,6,2,14000,325,Italy,1,9,29,1911,10,18,1912,1,6,1,6000
100,First Balkan,1,640,Turkey,2,10,17,1912,4,19,1913,0,11,2,30000,350,Greece,1,10,17,1912,4,19,1913,0,11,1,5000
100,First Balkan,1,640,Turkey,2,10,17,1912,4,19,1913,0,11,2,30000,355,Bulgaria,1,10,17,1912,4,19,1913,0,2,1,32000
100,First Balkan,1,640,Turkey,2,10,17,1912,4,19,1913,0,11,2,30000,345,Yugoslavia,1,10,17,1912,4,19,1913,1,11,1,15000
100,First Balkan,1,350,Greece,1,10,17,1912,4,19,1913,0,11,1,5000,640,Turkey,2,10,17,1912,4,19,1913,0,11,2,30000
100,First Balkan,1,355,Bulgaria,1,10,17,1912,4,19,1913,0,2,1,32000,640,Turkey,2,10,17,1912,4,19,1913,0,11,2,30000
100,First Balkan,1,345,Yugoslavia,1,10,17,1912,4,19,1913,1,11,1,15000,640,Turkey,2,10,17,1912,4,19,1913,0,11,2,30000
103,Second Balkan,1,640,Turkey,1,7,15,1913,7,30,1913,0,2,1,20000,355,Bulgaria,2,6,30,1913,7,30,1913,1,2,2,18000
103,Second Balkan,1,345,Yugoslavia,1,6,30,1913,7,30,1913,0,2,1,18500,355,Bulgaria,2,6,30,1913,7,30,1913,1,2,2,18000
103,Second Balkan,1,350,Greece,1,6,30,1913,7,30,1913,0,2,1,2500,355,Bulgaria,2,6,30,1913,7,30,1913,1,2,2,18000
103,Second Balkan,1,355,Bulgaria,2,6,30,1913,7,30,1913,1,2,2,18000,640,Turkey,1,7,15,1913,7,30,1913,0,2,1,20000
103,Second Balkan,1,355,Bulgaria,2,6,30,1913,7,30,1913,1,2,2,18000,345,Yugoslavia,1,6,30,1913,7,30,1913,0,2,1,18500
103,Second Balkan,1,355,Bulgaria,2,6,30,1913,7,30,1913,1,2,2,18000,350,Greece,1,6,30,1913,7,30,1913,0,2,1,2500
103,Second Balkan,1,355,Bulgaria,2,6,30,1913,7,30,1913,1,2,2,18000,360,Romania,1,7,11,1913,7,30,1913,0,2,1,1500
103,Second Balkan,1,360,Romania,1,7,11,1913,7,30,1913,0,2,1,1500,355,Bulgaria,2,6,30,1913,7,30,1913,1,2,2,18000
106,World War I,1,345,Yugoslavia,1,7,29,1914,11,11,1918,0,2,1,70000,355,Bulgaria,2,10,12,1915,9,29,1918,0,2,2,87500
106,World War I,1,345,Yugoslavia,1,7,29,1914,11,11,1918,0,2,1,70000,640,Turkey,2,10,28,1914,10,30,1918,0,6,2,325000
106,World War I,1,345,Yugoslavia,1,7,29,1914,11,11,1918,0,2,1,70000,255,Germany,2,8,1,1914,11,11,1918,0,15,2,1773700
106,World War I,1,345,Yugoslavia,1,7,29,1914,11,11,1918,0,2,1,70000,300,Austria-Hungary,2,7,29,1914,11,3,1918,1,2,2,1200000
106,World War I,1,365,Russia,1,8,1,1914,12,5,1917,0,11,1,1700000,355,Bulgaria,2,10,12,1915,9,29,1918,0,2,2,87500
106,World War I,1,365,Russia,1,8,1,1914,12,5,1917,0,11,1,1700000,640,Turkey,2,10,28,1914,10,30,1918,0,6,2,325000
106,World War I,1,365,Russia,1,8,1,1914,12,5,1917,0,11,1,1700000,255,Germany,2,8,1,1914,11,11,1918,0,15,2,1773700
106,World War I,1,365,Russia,1,8,1,1914,12,5,1917,0,11,1,1700000,300,Austria-Hungary,2,7,29,1914,11,3,1918,1,2,2,1200000
106,World War I,1,355,Bulgaria,2,10,12,1915,9,29,1918,0,2,2,87500,345,Yugoslavia,1,7,29,1914,11,11,1918,0,2,1,70000
106,World War I,1,355,Bulgaria,2,10,12,1915,9,29,1918,0,2,2,87500,365,Russia,1,8,1,1914,12,5,1917,0,11,1,1700000
106,World War I,1,355,Bulgaria,2,10,12,1915,9,29,1918,0,2,2,87500,200,United Kingdom,1,8,5,1914,11,11,1918,0,15,1,908371
106,World War I,1,355,Bulgaria,2,10,12,1915,9,29,1918,0,2,2,87500,740,Japan,1,8,23,1914,11,11,1918,0,7,1,300
106,World War I,1,355,Bulgaria,2,10,12,1915,9,29,1918,0,2,2,87500,235,Portugal,1,3,1,1916,11,11,1918,0,2,1,7222
106,World War I,1,355,Bulgaria,2,10,12,1915,9,29,1918,0,2,2,87500,211,Belgium,1,8,4,1914,11,11,1918,0,2,1,13716
106,World War I,1,355,Bulgaria,2,10,12,1915,9,29,1918,0,2,2,87500,350,Greece,1,6,29,1917,11,11,1918,0,2,1,5000
106,World War I,1,355,Bulgaria,2,10,12,1915,9,29,1918,0,2,2,87500,360,Romania,1,8,27,1916,12,9,1917,0,2,1,335706
106,World War I,1,355,Bulgaria,2,10,12,1915,9,29,1918,0,2,2,87500,220,France,1,8,3,1914,11,11,1918,0,14,1,1385000
106,World War I,1,355,Bulgaria,2,10,12,1915,9,29,1918,0,2,2,87500,325,Italy,1,5,23,1915,11,11,1918,0,2,1,650000
106,World War I,1,355,Bulgaria,2,10,12,1915,9,29,1918,0,2,2,87500,2,United States of America,1,4,17,1917,11,11,1918,0,2,1,116516
106,World War I,1,200,United Kingdom,1,8,5,1914,11,11,1918,0,15,1,908371,355,Bulgaria,2,10,12,1915,9,29,1918,0,2,2,87500
106,World War I,1,200,United Kingdom,1,8,5,1914,11,11,1918,0,15,1,908371,640,Turkey,2,10,28,1914,10,30,1918,0,6,2,325000
106,World War I,1,200,United Kingdom,1,8,5,1914,11,11,1918,0,15,1,908371,255,Germany,2,8,1,1914,11,11,1918,0,15,2,1773700
106,World War I,1,200,United Kingdom,1,8,5,1914,11,11,1918,0,15,1,908371,300,Austria-Hungary,2,7,29,1914,11,3,1918,1,2,2,1200000
106,World War I,1,740,Japan,1,8,23,1914,11,11,1918,0,7,1,300,355,Bulgaria,2,10,12,1915,9,29,1918,0,2,2,87500
106,World War I,1,740,Japan,1,8,23,1914,11,11,1918,0,7,1,300,640,Turkey,2,10,28,1914,10,30,1918,0,6,2,325000
106,World War I,1,740,Japan,1,8,23,1914,11,11,1918,0,7,1,300,255,Germany,2,8,1,1914,11,11,1918,0,15,2,1773700
106,World War I,1,740,Japan,1,8,23,1914,11,11,1918,0,7,1,300,300,Austria-Hungary,2,7,29,1914,11,3,1918,1,2,2,1200000
106,World War I,1,235,Portugal,1,3,1,1916,11,11,1918,0,2,1,7222,355,Bulgaria,2,10,12,1915,9,29,1918,0,2,2,87500
106,World War I,1,235,Portugal,1,3,1,1916,11,11,1918,0,2,1,7222,640,Turkey,2,10,28,1914,10,30,1918,0,6,2,325000
106,World War I,1,235,Portugal,1,3,1,1916,11,11,1918,0,2,1,7222,255,Germany,2,8,1,1914,11,11,1918,0,15,2,1773700
106,World War I,1,235,Portugal,1,3,1,1916,11,11,1918,0,2,1,7222,300,Austria-Hungary,2,7,29,1914,11,3,1918,1,2,2,1200000
106,World War I,1,640,Turkey,2,10,28,1914,10,30,1918,0,6,2,325000,345,Yugoslavia,1,7,29,1914,11,11,1918,0,2,1,70000
106,World War I,1,640,Turkey,2,10,28,1914,10,30,1918,0,6,2,325000,365,Russia,1,8,1,1914,12,5,1917,0,11,1,1700000
106,World War I,1,640,Turkey,2,10,28,1914,10,30,1918,0,6,2,325000,200,United Kingdom,1,8,5,1914,11,11,1918,0,15,1,908371
106,World War I,1,640,Turkey,2,10,28,1914,10,30,1918,0,6,2,325000,740,Japan,1,8,23,1914,11,11,1918,0,7,1,300
106,World War I,1,640,Turkey,2,10,28,1914,10,30,1918,0,6,2,325000,235,Portugal,1,3,1,1916,11,11,1918,0,2,1,7222
106,World War I,1,640,Turkey,2,10,28,1914,10,30,1918,0,6,2,325000,211,Belgium,1,8,4,1914,11,11,1918,0,2,1,13716
106,World War I,1,640,Turkey,2,10,28,1914,10,30,1918,0,6,2,325000,350,Greece,1,6,29,1917,11,11,1918,0,2,1,5000
106,World War I,1,640,Turkey,2,10,28,1914,10,30,1918,0,6,2,325000,360,Romania,1,8,27,1916,12,9,1917,0,2,1,335706
106,World War I,1,640,Turkey,2,10,28,1914,10,30,1918,0,6,2,325000,220,France,1,8,3,1914,11,11,1918,0,14,1,1385000
106,World War I,1,640,Turkey,2,10,28,1914,10,30,1918,0,6,2,325000,325,Italy,1,5,23,1915,11,11,1918,0,2,1,650000
106,World War I,1,640,Turkey,2,10,28,1914,10,30,1918,0,6,2,325000,2,United States of America,1,4,17,1917,11,11,1918,0,2,1,116516
106,World War I,1,211,Belgium,1,8,4,1914,11,11,1918,0,2,1,13716,355,Bulgaria,2,10,12,1915,9,29,1918,0,2,2,87500
106,World War I,1,211,Belgium,1,8,4,1914,11,11,1918,0,2,1,13716,640,Turkey,2,10,28,1914,10,30,1918,0,6,2,325000
106,World War I,1,211,Belgium,1,8,4,1914,11,11,1918,0,2,1,13716,255,Germany,2,8,1,1914,11,11,1918,0,15,2,1773700
106,World War I,1,211,Belgium,1,8,4,1914,11,11,1918,0,2,1,13716,300,Austria-Hungary,2,7,29,1914,11,3,1918,1,2,2,1200000
106,World War I,1,255,Germany,2,8,1,1914,11,11,1918,0,15,2,1773700,345,Yugoslavia,1,7,29,1914,11,11,1918,0,2,1,70000
106,World War I,1,255,Germany,2,8,1,1914,11,11,1918,0,15,2,1773700,365,Russia,1,8,1,1914,12,5,1917,0,11,1,1700000
106,World War I,1,255,Germany,2,8,1,1914,11,11,1918,0,15,2,1773700,200,United Kingdom,1,8,5,1914,11,11,1918,0,15,1,908371
106,World War I,1,255,Germany,2,8,1,1914,11,11,1918,0,15,2,1773700,740,Japan,1,8,23,1914,11,11,1918,0,7,1,300
106,World War I,1,255,Germany,2,8,1,1914,11,11,1918,0,15,2,1773700,235,Portugal,1,3,1,1916,11,11,1918,0,2,1,7222
106,World War I,1,255,Germany,2,8,1,1914,11,11,1918,0,15,2,1773700,211,Belgium,1,8,4,1914,11,11,1918,0,2,1,13716
106,World War I,1,255,Germany,2,8,1,1914,11,11,1918,0,15,2,1773700,350,Greece,1,6,29,1917,11,11,1918,0,2,1,5000
106,World War I,1,255,Germany,2,8,1,1914,11,11,1918,0,15,2,1773700,360,Romania,1,8,27,1916,12,9,1917,0,2,1,335706
106,World War I,1,255,Germany,2,8,1,1914,11,11,1918,0,15,2,1773700,220,France,1,8,3,1914,11,11,1918,0,14,1,1385000
106,World War I,1,255,Germany,2,8,1,1914,11,11,1918,0,15,2,1773700,325,Italy,1,5,23,1915,11,11,1918,0,2,1,650000
106,World War I,1,255,Germany,2,8,1,1914,11,11,1918,0,15,2,1773700,2,United States of America,1,4,17,1917,11,11,1918,0,2,1,116516
106,World War I,1,350,Greece,1,6,29,1917,11,11,1918,0,2,1,5000,355,Bulgaria,2,10,12,1915,9,29,1918,0,2,2,87500
106,World War I,1,350,Greece,1,6,29,1917,11,11,1918,0,2,1,5000,640,Turkey,2,10,28,1914,10,30,1918,0,6,2,325000
106,World War I,1,350,Greece,1,6,29,1917,11,11,1918,0,2,1,5000,255,Germany,2,8,1,1914,11,11,1918,0,15,2,1773700
106,World War I,1,350,Greece,1,6,29,1917,11,11,1918,0,2,1,5000,300,Austria-Hungary,2,7,29,1914,11,3,1918,1,2,2,1200000
106,World War I,1,360,Romania,1,8,27,1916,12,9,1917,0,2,1,335706,355,Bulgaria,2,10,12,1915,9,29,1918,0,2,2,87500
106,World War I,1,360,Romania,1,8,27,1916,12,9,1917,0,2,1,335706,640,Turkey,2,10,28,1914,10,30,1918,0,6,2,325000
106,World War I,1,360,Romania,1,8,27,1916,12,9,1917,0,2,1,335706,255,Germany,2,8,1,1914,11,11,1918,0,15,2,1773700
106,World War I,1,360,Romania,1,8,27,1916,12,9,1917,0,2,1,335706,300,Austria-Hungary,2,7,29,1914,11,3,1918,1,2,2,1200000
106,World War I,1,300,Austria-Hungary,2,7,29,1914,11,3,1918,1,2,2,1200000,345,Yugoslavia,1,7,29,1914,11,11,1918,0,2,1,70000
106,World War I,1,300,Austria-Hungary,2,7,29,1914,11,3,1918,1,2,2,1200000,365,Russia,1,8,1,1914,12,5,1917,0,11,1,1700000
106,World War I,1,300,Austria-Hungary,2,7,29,1914,11,3,1918,1,2,2,1200000,200,United Kingdom,1,8,5,1914,11,11,1918,0,15,1,908371
106,World War I,1,300,Austria-Hungary,2,7,29,1914,11,3,1918,1,2,2,1200000,740,Japan,1,8,23,1914,11,11,1918,0,7,1,300
106,World War I,1,300,Austria-Hungary,2,7,29,1914,11,3,1918,1,2,2,1200000,235,Portugal,1,3,1,1916,11,11,1918,0,2,1,7222
106,World War I,1,300,Austria-Hungary,2,7,29,1914,11,3,1918,1,2,2,1200000,211,Belgium,1,8,4,1914,11,11,1918,0,2,1,13716
106,World War I,1,300,Austria-Hungary,2,7,29,1914,11,3,1918,1,2,2,1200000,350,Greece,1,6,29,1917,11,11,1918,0,2,1,5000
106,World War I,1,300,Austria-Hungary,2,7,29,1914,11,3,1918,1,2,2,1200000,360,Romania,1,8,27,1916,12,9,1917,0,2,1,335706
106,World War I,1,300,Austria-Hungary,2,7,29,1914,11,3,1918,1,2,2,1200000,220,France,1,8,3,1914,11,11,1918,0,14,1,1385000
106,World War I,1,300,Austria-Hungary,2,7,29,1914,11,3,1918,1,2,2,1200000,325,Italy,1,5,23,1915,11,11,1918,0,2,1,650000
106,World War I,1,300,Austria-Hungary,2,7,29,1914,11,3,1918,1,2,2,1200000,2,United States of America,1,4,17,1917,11,11,1918,0,2,1,116516
106,World War I,1,220,France,1,8,3,1914,11,11,1918,0,14,1,1385000,355,Bulgaria,2,10,12,1915,9,29,1918,0,2,2,87500
106,World War I,1,220,France,1,8,3,1914,11,11,1918,0,14,1,1385000,640,Turkey,2,10,28,1914,10,30,1918,0,6,2,325000
106,World War I,1,220,France,1,8,3,1914,11,11,1918,0,14,1,1385000,255,Germany,2,8,1,1914,11,11,1918,0,15,2,1773700
106,World War I,1,220,France,1,8,3,1914,11,11,1918,0,14,1,1385000,300,Austria-Hungary,2,7,29,1914,11,3,1918,1,2,2,1200000
106,World War I,1,325,Italy,1,5,23,1915,11,11,1918,0,2,1,650000,355,Bulgaria,2,10,12,1915,9,29,1918,0,2,2,87500
106,World War I,1,325,Italy,1,5,23,1915,11,11,1918,0,2,1,650000,640,Turkey,2,10,28,1914,10,30,1918,0,6,2,325000
106,World War I,1,325,Italy,1,5,23,1915,11,11,1918,0,2,1,650000,255,Germany,2,8,1,1914,11,11,1918,0,15,2,1773700
106,World War I,1,325,Italy,1,5,23,1915,11,11,1918,0,2,1,650000,300,Austria-Hungary,2,7,29,1914,11,3,1918,1,2,2,1200000
106,World War I,1,2,United States of America,1,4,17,1917,11,11,1918,0,2,1,116516,355,Bulgaria,2,10,12,1915,9,29,1918,0,2,2,87500
106,World War I,1,2,United States of America,1,4,17,1917,11,11,1918,0,2,1,116516,640,Turkey,2,10,28,1914,10,30,1918,0,6,2,325000
106,World War I,1,2,United States of America,1,4,17,1917,11,11,1918,0,2,1,116516,255,Germany,2,8,1,1914,11,11,1918,0,15,2,1773700
106,World War I,1,2,United States of America,1,4,17,1917,11,11,1918,0,2,1,116516,300,Austria-Hungary,2,7,29,1914,11,3,1918,1,2,2,1200000
107,Estonian Liberation,1,366,Estonia,1,11,22,1918,1,3,1920,0,2,1,3600,365,Russia,2,11,22,1918,1,3,1920,1,2,2,8000
107,Estonian Liberation,1,375,Finland,1,12,30,1918,1,3,1920,0,2,1,150,365,Russia,2,11,22,1918,1,3,1920,1,2,2,8000
107,Estonian Liberation,1,365,Russia,2,11,22,1918,1,3,1920,1,2,2,8000,366,Estonia,1,11,22,1918,1,3,1920,0,2,1,3600
107,Estonian Liberation,1,365,Russia,2,11,22,1918,1,3,1920,1,2,2,8000,375,Finland,1,12,30,1918,1,3,1920,0,2,1,150
108,Latvian Liberation,1,255,Germany,1,12,7,1918,4,15,1919,0,2,8,450,365,Russia,2,12,2,1918,2,1,1920,1,2,2,8000
108,Latvian Liberation,1,365,Russia,2,12,2,1918,2,1,1920,1,2,2,8000,255,Germany,1,12,7,1918,4,15,1919,0,2,8,450
108,Latvian Liberation,1,365,Russia,2,12,2,1918,2,1,1920,1,2,2,8000,366,Estonia,1,1,1,1919,1,3,1920,0,2,1,1000
108,Latvian Liberation,1,365,Russia,2,12,2,1918,2,1,1920,1,2,2,8000,367,Latvia,1,12,2,1918,2,1,1920,0,2,1,3046
108,Latvian Liberation,1,255,Germany,2,4,16,1919,7,13,1919,0,2,2,750,366,Estonia,1,1,1,1919,1,3,1920,0,2,1,1000
108,Latvian Liberation,1,255,Germany,2,4,16,1919,7,13,1919,0,2,2,750,367,Latvia,1,12,2,1918,2,1,1920,0,2,1,3046
108,Latvian Liberation,1,366,Estonia,1,1,1,1919,1,3,1920,0,2,1,1000,365,Russia,2,12,2,1918,2,1,1920,1,2,2,8000
108,Latvian Liberation,1,366,Estonia,1,1,1,1919,1,3,1920,0,2,1,1000,255,Germany,2,4,16,1919,7,13,1919,0,2,2,750
108,Latvian Liberation,1,367,Latvia,1,12,2,1918,2,1,1920,0,2,1,3046,365,Russia,2,12,2,1918,2,1,1920,1,2,2,8000
108,Latvian Liberation,1,367,Latvia,1,12,2,1918,2,1,1920,0,2,1,3046,255,Germany,2,4,16,1919,7,13,1919,0,2,2,750
109,Russo-Polish,1,365,Russia,2,2,14,1919,10,18,1920,1,2,2,60000,290,Poland,1,2,14,1919,10,18,1920,0,2,1,40000
109,Russo-Polish,1,290,Poland,1,2,14,1919,10,18,1920,0,2,1,40000,365,Russia,2,2,14,1919,10,18,1920,1,2,2,60000
112,Hungarian Adversaries,1,310,Hungary,2,4,16,1919,8,4,1919,0,2,2,6000,315,Czechoslovakia,1,4,26,1919,8,4,1919,0,2,1,2000
112,Hungarian Adversaries,1,310,Hungary,2,4,16,1919,8,4,1919,0,2,2,6000,360,Romania,1,4,16,1919,8,4,1919,1,2,1,3000
112,Hungarian Adversaries,1,315,Czechoslovakia,1,4,26,1919,8,4,1919,0,2,1,2000,310,Hungary,2,4,16,1919,8,4,1919,0,2,2,6000
112,Hungarian Adversaries,1,360,Romania,1,4,16,1919,8,4,1919,1,2,1,3000,310,Hungary,2,4,16,1919,8,4,1919,0,2,2,6000
115,Second Greco-Turkish,1,640,Turkey,1,5,5,1919,10,11,1922,0,11,1,20000,350,Greece,2,5,5,1919,10,11,1922,1,11,2,30000
115,Second Greco-Turkish,1,350,Greece,2,5,5,1919,10,11,1922,1,11,2,30000,640,Turkey,1,5,5,1919,10,11,1922,0,11,1,20000
116,Franco-Turkish,1,640,Turkey,2,11,1,1919,10,20,1921,0,6,3,35000,220,France,1,11,1,1919,10,20,1921,1,6,3,5000
116,Franco-Turkish,1,220,France,1,11,1,1919,10,20,1921,1,6,3,5000,640,Turkey,2,11,1,1919,10,20,1921,0,6,3,35000
117,Lithuanian-Polish,1,368,Lithuania,2,7,15,1920,12,1,1920,0,2,2,500,290,Poland,1,7,15,1920,12,1,1920,1,2,1,500
117,Lithuanian-Polish,1,290,Poland,1,7,15,1920,12,1,1920,1,2,1,500,368,Lithuania,2,7,15,1920,12,1,1920,0,2,2,500
118,Manchurian,1,365,USSR,1,8,17,1929,12,3,1929,1,7,1,200,710,China,2,8,17,1929,12,3,1929,0,7,2,3000
118,Manchurian,1,710,China,2,8,17,1929,12,3,1929,0,7,2,3000,365,USSR,1,8,17,1929,12,3,1929,1,7,1,200
121,Second Sino-Japanese,1,740,Japan,1,12,19,1931,5,22,1933,1,7,1,10000,710,China,2,12,19,1931,5,22,1933,0,7,2,50000
121,Second Sino-Japanese,1,710,China,2,12,19,1931,5,22,1933,0,7,2,50000,740,Japan,1,12,19,1931,5,22,1933,1,7,1,10000
124,Chaco,1,145,Bolivia,2,6,15,1932,6,12,1935,1,1,2,56661,150,Paraguay,1,6,15,1932,6,12,1935,0,1,1,36000
124,Chaco,1,150,Paraguay,1,6,15,1932,6,12,1935,0,1,1,36000,145,Bolivia,2,6,15,1932,6,12,1935,1,1,2,56661
125,Saudi-Yemeni,1,670,Saudi Arabia,1,3,20,1934,5,13,1934,1,6,1,100,678,Yemen Arab Republic,2,3,20,1934,5,13,1934,0,6,2,2000
125,Saudi-Yemeni,1,678,Yemen Arab Republic,2,3,20,1934,5,13,1934,0,6,2,2000,670,Saudi Arabia,1,3,20,1934,5,13,1934,1,6,1,100
127,Conquest of Ethiopia,1,325,Italy,1,10,3,1935,5,9,1936,1,4,1,4000,530,Ethiopia,2,10,3,1935,5,9,1936,0,4,2,16000
127,Conquest of Ethiopia,1,530,Ethiopia,2,10,3,1935,5,9,1936,0,4,2,16000,325,Italy,1,10,3,1935,5,9,1936,1,4,1,4000
130,Third Sino-Japanese,1,710,China,2,7,7,1937,12,6,1941,0,7,2,750000,740,Japan,1,7,7,1937,12,6,1941,1,7,1,250000
130,Third Sino-Japanese,1,740,Japan,1,7,7,1937,12,6,1941,1,7,1,250000,710,China,2,7,7,1937,12,6,1941,0,7,2,750000
133,Changkufeng,1,365,USSR,2,7,29,1938,8,11,1938,0,7,1,1200,740,Japan,1,7,29,1938,8,11,1938,1,7,2,526
133,Changkufeng,1,740,Japan,1,7,29,1938,8,11,1938,1,7,2,526,365,USSR,2,7,29,1938,8,11,1938,0,7,1,1200
136,Nomonhan,1,365,USSR,1,5,11,1939,9,16,1939,0,7,1,5000,740,Japan,2,5,11,1939,9,16,1939,1,7,2,20000
136,Nomonhan,1,712,Mongolia,1,5,11,1939,9,16,1939,0,7,1,3000,740,Japan,2,5,11,1939,9,16,1939,1,7,2,20000
136,Nomonhan,1,740,Japan,2,5,11,1939,9,16,1939,1,7,2,20000,365,USSR,1,5,11,1939,9,16,1939,0,7,1,5000
136,Nomonhan,1,740,Japan,2,5,11,1939,9,16,1939,1,7,2,20000,712,Mongolia,1,5,11,1939,9,16,1939,0,7,1,3000
139,World War II,1,310,Hungary,2,6,27,1941,1,20,1945,0,2,2,136000,211,Belgium,1,5,10,1940,5,28,1940,0,2,1,9600
139,World War II,1,310,Hungary,2,6,27,1941,1,20,1945,0,2,2,136000,345,Yugoslavia,1,4,6,1941,4,17,1941,0,2,1,305000
139,World War II,1,310,Hungary,2,6,27,1941,1,20,1945,0,2,2,136000,385,Norway,1,4,9,1940,6,9,1940,0,2,1,3000
139,World War II,1,310,Hungary,2,6,27,1941,1,20,1945,0,2,2,136000,20,Canada,1,9,10,1939,8,14,1945,0,2,1,41992
139,World War II,1,310,Hungary,2,6,27,1941,1,20,1945,0,2,2,136000,2,United States of America,1,12,7,1941,8,14,1945,0,19,1,405400
139,World War II,1,310,Hungary,2,6,27,1941,1,20,1945,0,2,2,136000,200,United Kingdom,1,9,3,1939,8,14,1945,0,15,1,418765
139,World War II,1,310,Hungary,2,6,27,1941,1,20,1945,0,2,2,136000,210,Netherlands,1,5,10,1940,5,14,1940,0,2,1,7900
139,World War II,1,310,Hungary,2,6,27,1941,1,20,1945,0,2,2,136000,360,Romania,1,9,9,1944,5,7,1945,0,2,1,10000
139,World War II,1,310,Hungary,2,6,27,1941,1,20,1945,0,2,2,136000,355,Bulgaria,1,9,9,1944,5,7,1945,0,2,1,1000
139,World War II,1,310,Hungary,2,6,27,1941,1,20,1945,0,2,2,136000,350,Greece,1,10,25,1940,4,23,1941,0,2,1,18300
139,World War II,1,310,Hungary,2,6,27,1941,1,20,1945,0,2,2,136000,140,Brazil,1,7,6,1944,5,7,1945,0,2,1,1000
139,World War II,1,310,Hungary,2,6,27,1941,1,20,1945,0,2,2,136000,325,Italy,1,10,18,1943,5,7,1945,0,14,1,52400
139,World War II,1,310,Hungary,2,6,27,1941,1,20,1945,0,2,2,136000,900,Australia,1,9,3,1939,8,14,1945,0,16,1,33826
139,World War II,1,310,Hungary,2,6,27,1941,1,20,1945,0,2,2,136000,920,New Zealand,1,9,3,1939,8,14,1945,0,16,1,12200
139,World War II,1,310,Hungary,2,6,27,1941,1,20,1945,0,2,2,136000,365,USSR,1,6,22,1941,8,14,1945,0,12,1,7500000
139,World War II,1,310,Hungary,2,6,27,1941,1,20,1945,0,2,2,136000,290,Poland,1,9,1,1939,9,27,1939,0,2,1,320000
139,World War II,1,310,Hungary,2,6,27,1941,1,20,1945,0,2,2,136000,220,France,1,9,3,1939,8,14,1945,0,2,1,210824
139,World War II,1,310,Hungary,2,6,27,1941,1,20,1945,0,2,2,136000,712,Mongolia,1,8,10,1945,8,14,1945,0,7,1,3000
139,World War II,1,310,Hungary,2,6,27,1941,1,20,1945,0,2,2,136000,710,China,1,12,7,1941,8,14,1945,0,7,1,1350000
139,World War II,1,310,Hungary,2,6,27,1941,1,20,1945,0,2,2,136000,560,South Africa,1,9,6,1939,8,14,1945,0,4,1,8700
139,World War II,1,310,Hungary,2,6,27,1941,1,20,1945,0,2,2,136000,530,Ethiopia,1,1,24,1941,7,3,1941,0,4,1,5000
139,World War II,1,211,Belgium,1,5,10,1940,5,28,1940,0,2,1,9600,310,Hungary,2,6,27,1941,1,20,1945,0,2,2,136000
139,World War II,1,211,Belgium,1,5,10,1940,5,28,1940,0,2,1,9600,220,France,2,7,7,1940,7,14,1941,0,2,2,2500
139,World War II,1,211,Belgium,1,5,10,1940,5,28,1940,0,2,1,9600,375,Finland,2,6,25,1941,9,19,1944,0,2,2,65000
139,World War II,1,211,Belgium,1,5,10,1940,5,28,1940,0,2,1,9600,325,Italy,2,6,10,1940,9,2,1943,0,14,2,174500
139,World War II,1,211,Belgium,1,5,10,1940,5,28,1940,0,2,1,9600,360,Romania,2,6,22,1941,8,23,1944,0,2,2,290000
139,World War II,1,211,Belgium,1,5,10,1940,5,28,1940,0,2,1,9600,355,Bulgaria,2,12,13,1941,9,8,1944,0,2,2,9000
139,World War II,1,211,Belgium,1,5,10,1940,5,28,1940,0,2,1,9600,255,Germany,2,9,1,1939,5,7,1945,1,14,2,3500000
139,World War II,1,211,Belgium,1,5,10,1940,5,28,1940,0,2,1,9600,740,Japan,2,12,7,1941,8,14,1945,0,17,2,1740000
139,World War II,1,220,France,2,7,7,1940,7,14,1941,0,2,2,2500,211,Belgium,1,5,10,1940,5,28,1940,0,2,1,9600
139,World War II,1,220,France,2,7,7,1940,7,14,1941,0,2,2,2500,345,Yugoslavia,1,4,6,1941,4,17,1941,0,2,1,305000
139,World War II,1,220,France,2,7,7,1940,7,14,1941,0,2,2,2500,385,Norway,1,4,9,1940,6,9,1940,0,2,1,3000
139,World War II,1,220,France,2,7,7,1940,7,14,1941,0,2,2,2500,20,Canada,1,9,10,1939,8,14,1945,0,2,1,41992
139,World War II,1,220,France,2,7,7,1940,7,14,1941,0,2,2,2500,2,United States of America,1,12,7,1941,8,14,1945,0,19,1,405400
139,World War II,1,220,France,2,7,7,1940,7,14,1941,0,2,2,2500,200,United Kingdom,1,9,3,1939,8,14,1945,0,15,1,418765
139,World War II,1,220,France,2,7,7,1940,7,14,1941,0,2,2,2500,210,Netherlands,1,5,10,1940,5,14,1940,0,2,1,7900
139,World War II,1,220,France,2,7,7,1940,7,14,1941,0,2,2,2500,360,Romania,1,9,9,1944,5,7,1945,0,2,1,10000
139,World War II,1,220,France,2,7,7,1940,7,14,1941,0,2,2,2500,355,Bulgaria,1,9,9,1944,5,7,1945,0,2,1,1000
139,World War II,1,220,France,2,7,7,1940,7,14,1941,0,2,2,2500,350,Greece,1,10,25,1940,4,23,1941,0,2,1,18300
139,World War II,1,220,France,2,7,7,1940,7,14,1941,0,2,2,2500,140,Brazil,1,7,6,1944,5,7,1945,0,2,1,1000
139,World War II,1,220,France,2,7,7,1940,7,14,1941,0,2,2,2500,325,Italy,1,10,18,1943,5,7,1945,0,14,1,52400
139,World War II,1,220,France,2,7,7,1940,7,14,1941,0,2,2,2500,900,Australia,1,9,3,1939,8,14,1945,0,16,1,33826
139,World War II,1,220,France,2,7,7,1940,7,14,1941,0,2,2,2500,920,New Zealand,1,9,3,1939,8,14,1945,0,16,1,12200
139,World War II,1,220,France,2,7,7,1940,7,14,1941,0,2,2,2500,365,USSR,1,6,22,1941,8,14,1945,0,12,1,7500000
139,World War II,1,220,France,2,7,7,1940,7,14,1941,0,2,2,2500,290,Poland,1,9,1,1939,9,27,1939,0,2,1,320000
139,World War II,1,220,France,2,7,7,1940,7,14,1941,0,2,2,2500,712,Mongolia,1,8,10,1945,8,14,1945,0,7,1,3000
139,World War II,1,220,France,2,7,7,1940,7,14,1941,0,2,2,2500,710,China,1,12,7,1941,8,14,1945,0,7,1,1350000
139,World War II,1,220,France,2,7,7,1940,7,14,1941,0,2,2,2500,560,South Africa,1,9,6,1939,8,14,1945,0,4,1,8700
139,World War II,1,220,France,2,7,7,1940,7,14,1941,0,2,2,2500,530,Ethiopia,1,1,24,1941,7,3,1941,0,4,1,5000
139,World War II,1,345,Yugoslavia,1,4,6,1941,4,17,1941,0,2,1,305000,310,Hungary,2,6,27,1941,1,20,1945,0,2,2,136000
139,World War II,1,345,Yugoslavia,1,4,6,1941,4,17,1941,0,2,1,305000,220,France,2,7,7,1940,7,14,1941,0,2,2,2500
139,World War II,1,345,Yugoslavia,1,4,6,1941,4,17,1941,0,2,1,305000,375,Finland,2,6,25,1941,9,19,1944,0,2,2,65000
139,World War II,1,345,Yugoslavia,1,4,6,1941,4,17,1941,0,2,1,305000,325,Italy,2,6,10,1940,9,2,1943,0,14,2,174500
139,World War II,1,345,Yugoslavia,1,4,6,1941,4,17,1941,0,2,1,305000,360,Romania,2,6,22,1941,8,23,1944,0,2,2,290000
139,World War II,1,345,Yugoslavia,1,4,6,1941,4,17,1941,0,2,1,305000,355,Bulgaria,2,12,13,1941,9,8,1944,0,2,2,9000
139,World War II,1,345,Yugoslavia,1,4,6,1941,4,17,1941,0,2,1,305000,255,Germany,2,9,1,1939,5,7,1945,1,14,2,3500000
139,World War II,1,345,Yugoslavia,1,4,6,1941,4,17,1941,0,2,1,305000,740,Japan,2,12,7,1941,8,14,1945,0,17,2,1740000
139,World War II,1,375,Finland,2,6,25,1941,9,19,1944,0,2,2,65000,211,Belgium,1,5,10,1940,5,28,1940,0,2,1,9600
139,World War II,1,375,Finland,2,6,25,1941,9,19,1944,0,2,2,65000,345,Yugoslavia,1,4,6,1941,4,17,1941,0,2,1,305000
139,World War II,1,375,Finland,2,6,25,1941,9,19,1944,0,2,2,65000,385,Norway,1,4,9,1940,6,9,1940,0,2,1,3000
139,World War II,1,375,Finland,2,6,25,1941,9,19,1944,0,2,2,65000,20,Canada,1,9,10,1939,8,14,1945,0,2,1,41992
139,World War II,1,375,Finland,2,6,25,1941,9,19,1944,0,2,2,65000,2,United States of America,1,12,7,1941,8,14,1945,0,19,1,405400
139,World War II,1,375,Finland,2,6,25,1941,9,19,1944,0,2,2,65000,200,United Kingdom,1,9,3,1939,8,14,1945,0,15,1,418765
139,World War II,1,375,Finland,2,6,25,1941,9,19,1944,0,2,2,65000,210,Netherlands,1,5,10,1940,5,14,1940,0,2,1,7900
139,World War II,1,375,Finland,2,6,25,1941,9,19,1944,0,2,2,65000,360,Romania,1,9,9,1944,5,7,1945,0,2,1,10000
139,World War II,1,375,Finland,2,6,25,1941,9,19,1944,0,2,2,65000,355,Bulgaria,1,9,9,1944,5,7,1945,0,2,1,1000
139,World War II,1,375,Finland,2,6,25,1941,9,19,1944,0,2,2,65000,350,Greece,1,10,25,1940,4,23,1941,0,2,1,18300
139,World War II,1,375,Finland,2,6,25,1941,9,19,1944,0,2,2,65000,140,Brazil,1,7,6,1944,5,7,1945,0,2,1,1000
139,World War II,1,375,Finland,2,6,25,1941,9,19,1944,0,2,2,65000,325,Italy,1,10,18,1943,5,7,1945,0,14,1,52400
139,World War II,1,375,Finland,2,6,25,1941,9,19,1944,0,2,2,65000,900,Australia,1,9,3,1939,8,14,1945,0,16,1,33826
139,World War II,1,375,Finland,2,6,25,1941,9,19,1944,0,2,2,65000,920,New Zealand,1,9,3,1939,8,14,1945,0,16,1,12200
139,World War II,1,375,Finland,2,6,25,1941,9,19,1944,0,2,2,65000,365,USSR,1,6,22,1941,8,14,1945,0,12,1,7500000
139,World War II,1,375,Finland,2,6,25,1941,9,19,1944,0,2,2,65000,290,Poland,1,9,1,1939,9,27,1939,0,2,1,320000
139,World War II,1,375,Finland,2,6,25,1941,9,19,1944,0,2,2,65000,220,France,1,9,3,1939,8,14,1945,0,2,1,210824
139,World War II,1,375,Finland,2,6,25,1941,9,19,1944,0,2,2,65000,712,Mongolia,1,8,10,1945,8,14,1945,0,7,1,3000
139,World War II,1,375,Finland,2,6,25,1941,9,19,1944,0,2,2,65000,710,China,1,12,7,1941,8,14,1945,0,7,1,1350000
139,World War II,1,375,Finland,2,6,25,1941,9,19,1944,0,2,2,65000,560,South Africa,1,9,6,1939,8,14,1945,0,4,1,8700
139,World War II,1,375,Finland,2,6,25,1941,9,19,1944,0,2,2,65000,530,Ethiopia,1,1,24,1941,7,3,1941,0,4,1,5000
139,World War II,1,385,Norway,1,4,9,1940,6,9,1940,0,2,1,3000,310,Hungary,2,6,27,1941,1,20,1945,0,2,2,136000
139,World War II,1,385,Norway,1,4,9,1940,6,9,1940,0,2,1,3000,220,France,2,7,7,1940,7,14,1941,0,2,2,2500
139,World War II,1,385,Norway,1,4,9,1940,6,9,1940,0,2,1,3000,375,Finland,2,6,25,1941,9,19,1944,0,2,2,65000
139,World War II,1,385,Norway,1,4,9,1940,6,9,1940,0,2,1,3000,325,Italy,2,6,10,1940,9,2,1943,0,14,2,174500
139,World War II,1,385,Norway,1,4,9,1940,6,9,1940,0,2,1,3000,360,Romania,2,6,22,1941,8,23,1944,0,2,2,290000
139,World War II,1,385,Norway,1,4,9,1940,6,9,1940,0,2,1,3000,355,Bulgaria,2,12,13,1941,9,8,1944,0,2,2,9000
139,World War II,1,385,Norway,1,4,9,1940,6,9,1940,0,2,1,3000,255,Germany,2,9,1,1939,5,7,1945,1,14,2,3500000
139,World War II,1,385,Norway,1,4,9,1940,6,9,1940,0,2,1,3000,740,Japan,2,12,7,1941,8,14,1945,0,17,2,1740000
139,World War II,1,20,Canada,1,9,10,1939,8,14,1945,0,2,1,41992,310,Hungary,2,6,27,1941,1,20,1945,0,2,2,136000
139,World War II,1,20,Canada,1,9,10,1939,8,14,1945,0,2,1,41992,220,France,2,7,7,1940,7,14,1941,0,2,2,2500
139,World War II,1,20,Canada,1,9,10,1939,8,14,1945,0,2,1,41992,375,Finland,2,6,25,1941,9,19,1944,0,2,2,65000
139,World War II,1,20,Canada,1,9,10,1939,8,14,1945,0,2,1,41992,325,Italy,2,6,10,1940,9,2,1943,0,14,2,174500
139,World War II,1,20,Canada,1,9,10,1939,8,14,1945,0,2,1,41992,360,Romania,2,6,22,1941,8,23,1944,0,2,2,290000
139,World War II,1,20,Canada,1,9,10,1939,8,14,1945,0,2,1,41992,355,Bulgaria,2,12,13,1941,9,8,1944,0,2,2,9000
139,World War II,1,20,Canada,1,9,10,1939,8,14,1945,0,2,1,41992,255,Germany,2,9,1,1939,5,7,1945,1,14,2,3500000
139,World War II,1,20,Canada,1,9,10,1939,8,14,1945,0,2,1,41992,740,Japan,2,12,7,1941,8,14,1945,0,17,2,1740000
139,World War II,1,2,United States of America,1,12,7,1941,8,14,1945,0,19,1,405400,310,Hungary,2,6,27,1941,1,20,1945,0,2,2,136000
139,World War II,1,2,United States of America,1,12,7,1941,8,14,1945,0,19,1,405400,220,France,2,7,7,1940,7,14,1941,0,2,2,2500
139,World War II,1,2,United States of America,1,12,7,1941,8,14,1945,0,19,1,405400,375,Finland,2,6,25,1941,9,19,1944,0,2,2,65000
139,World War II,1,2,United States of America,1,12,7,1941,8,14,1945,0,19,1,405400,325,Italy,2,6,10,1940,9,2,1943,0,14,2,174500
139,World War II,1,2,United States of America,1,12,7,1941,8,14,1945,0,19,1,405400,360,Romania,2,6,22,1941,8,23,1944,0,2,2,290000
139,World War II,1,2,United States of America,1,12,7,1941,8,14,1945,0,19,1,405400,355,Bulgaria,2,12,13,1941,9,8,1944,0,2,2,9000
139,World War II,1,2,United States of America,1,12,7,1941,8,14,1945,0,19,1,405400,255,Germany,2,9,1,1939,5,7,1945,1,14,2,3500000
139,World War II,1,2,United States of America,1,12,7,1941,8,14,1945,0,19,1,405400,740,Japan,2,12,7,1941,8,14,1945,0,17,2,1740000
139,World War II,1,200,United Kingdom,1,9,3,1939,8,14,1945,0,15,1,418765,310,Hungary,2,6,27,1941,1,20,1945,0,2,2,136000
139,World War II,1,200,United Kingdom,1,9,3,1939,8,14,1945,0,15,1,418765,220,France,2,7,7,1940,7,14,1941,0,2,2,2500
139,World War II,1,200,United Kingdom,1,9,3,1939,8,14,1945,0,15,1,418765,375,Finland,2,6,25,1941,9,19,1944,0,2,2,65000
139,World War II,1,200,United Kingdom,1,9,3,1939,8,14,1945,0,15,1,418765,325,Italy,2,6,10,1940,9,2,1943,0,14,2,174500
139,World War II,1,200,United Kingdom,1,9,3,1939,8,14,1945,0,15,1,418765,360,Romania,2,6,22,1941,8,23,1944,0,2,2,290000
139,World War II,1,200,United Kingdom,1,9,3,1939,8,14,1945,0,15,1,418765,355,Bulgaria,2,12,13,1941,9,8,1944,0,2,2,9000
139,World War II,1,200,United Kingdom,1,9,3,1939,8,14,1945,0,15,1,418765,255,Germany,2,9,1,1939,5,7,1945,1,14,2,3500000
139,World War II,1,200,United Kingdom,1,9,3,1939,8,14,1945,0,15,1,418765,740,Japan,2,12,7,1941,8,14,1945,0,17,2,1740000
139,World War II,1,210,Netherlands,1,5,10,1940,5,14,1940,0,2,1,7900,310,Hungary,2,6,27,1941,1,20,1945,0,2,2,136000
139,World War II,1,210,Netherlands,1,5,10,1940,5,14,1940,0,2,1,7900,220,France,2,7,7,1940,7,14,1941,0,2,2,2500
139,World War II,1,210,Netherlands,1,5,10,1940,5,14,1940,0,2,1,7900,375,Finland,2,6,25,1941,9,19,1944,0,2,2,65000
139,World War II,1,210,Netherlands,1,5,10,1940,5,14,1940,0,2,1,7900,325,Italy,2,6,10,1940,9,2,1943,0,14,2,174500
139,World War II,1,210,Netherlands,1,5,10,1940,5,14,1940,0,2,1,7900,360,Romania,2,6,22,1941,8,23,1944,0,2,2,290000
139,World War II,1,210,Netherlands,1,5,10,1940,5,14,1940,0,2,1,7900,355,Bulgaria,2,12,13,1941,9,8,1944,0,2,2,9000
139,World War II,1,210,Netherlands,1,5,10,1940,5,14,1940,0,2,1,7900,255,Germany,2,9,1,1939,5,7,1945,1,14,2,3500000
139,World War II,1,210,Netherlands,1,5,10,1940,5,14,1940,0,2,1,7900,740,Japan,2,12,7,1941,8,14,1945,0,17,2,1740000
139,World War II,1,325,Italy,2,6,10,1940,9,2,1943,0,14,2,174500,211,Belgium,1,5,10,1940,5,28,1940,0,2,1,9600
139,World War II,1,325,Italy,2,6,10,1940,9,2,1943,0,14,2,174500,345,Yugoslavia,1,4,6,1941,4,17,1941,0,2,1,305000
139,World War II,1,325,Italy,2,6,10,1940,9,2,1943,0,14,2,174500,385,Norway,1,4,9,1940,6,9,1940,0,2,1,3000
139,World War II,1,325,Italy,2,6,10,1940,9,2,1943,0,14,2,174500,20,Canada,1,9,10,1939,8,14,1945,0,2,1,41992
139,World War II,1,325,Italy,2,6,10,1940,9,2,1943,0,14,2,174500,2,United States of America,1,12,7,1941,8,14,1945,0,19,1,405400
139,World War II,1,325,Italy,2,6,10,1940,9,2,1943,0,14,2,174500,200,United Kingdom,1,9,3,1939,8,14,1945,0,15,1,418765
139,World War II,1,325,Italy,2,6,10,1940,9,2,1943,0,14,2,174500,210,Netherlands,1,5,10,1940,5,14,1940,0,2,1,7900
139,World War II,1,325,Italy,2,6,10,1940,9,2,1943,0,14,2,174500,360,Romania,1,9,9,1944,5,7,1945,0,2,1,10000
139,World War II,1,325,Italy,2,6,10,1940,9,2,1943,0,14,2,174500,355,Bulgaria,1,9,9,1944,5,7,1945,0,2,1,1000
139,World War II,1,325,Italy,2,6,10,1940,9,2,1943,0,14,2,174500,350,Greece,1,10,25,1940,4,23,1941,0,2,1,18300
139,World War II,1,325,Italy,2,6,10,1940,9,2,1943,0,14,2,174500,140,Brazil,1,7,6,1944,5,7,1945,0,2,1,1000
139,World War II,1,325,Italy,2,6,10,1940,9,2,1943,0,14,2,174500,900,Australia,1,9,3,1939,8,14,1945,0,16,1,33826
139,World War II,1,325,Italy,2,6,10,1940,9,2,1943,0,14,2,174500,920,New Zealand,1,9,3,1939,8,14,1945,0,16,1,12200
139,World War II,1,325,Italy,2,6,10,1940,9,2,1943,0,14,2,174500,365,USSR,1,6,22,1941,8,14,1945,0,12,1,7500000
139,World War II,1,325,Italy,2,6,10,1940,9,2,1943,0,14,2,174500,290,Poland,1,9,1,1939,9,27,1939,0,2,1,320000
139,World War II,1,325,Italy,2,6,10,1940,9,2,1943,0,14,2,174500,220,France,1,9,3,1939,8,14,1945,0,2,1,210824
139,World War II,1,325,Italy,2,6,10,1940,9,2,1943,0,14,2,174500,712,Mongolia,1,8,10,1945,8,14,1945,0,7,1,3000
139,World War II,1,325,Italy,2,6,10,1940,9,2,1943,0,14,2,174500,710,China,1,12,7,1941,8,14,1945,0,7,1,1350000
139,World War II,1,325,Italy,2,6,10,1940,9,2,1943,0,14,2,174500,560,South Africa,1,9,6,1939,8,14,1945,0,4,1,8700
139,World War II,1,325,Italy,2,6,10,1940,9,2,1943,0,14,2,174500,530,Ethiopia,1,1,24,1941,7,3,1941,0,4,1,5000
139,World War II,1,360,Romania,1,9,9,1944,5,7,1945,0,2,1,10000,310,Hungary,2,6,27,1941,1,20,1945,0,2,2,136000
139,World War II,1,360,Romania,1,9,9,1944,5,7,1945,0,2,1,10000,220,France,2,7,7,1940,7,14,1941,0,2,2,2500
139,World War II,1,360,Romania,1,9,9,1944,5,7,1945,0,2,1,10000,375,Finland,2,6,25,1941,9,19,1944,0,2,2,65000
139,World War II,1,360,Romania,1,9,9,1944,5,7,1945,0,2,1,10000,325,Italy,2,6,10,1940,9,2,1943,0,14,2,174500
139,World War II,1,360,Romania,1,9,9,1944,5,7,1945,0,2,1,10000,355,Bulgaria,2,12,13,1941,9,8,1944,0,2,2,9000
139,World War II,1,360,Romania,1,9,9,1944,5,7,1945,0,2,1,10000,255,Germany,2,9,1,1939,5,7,1945,1,14,2,3500000
139,World War II,1,360,Romania,1,9,9,1944,5,7,1945,0,2,1,10000,740,Japan,2,12,7,1941,8,14,1945,0,17,2,1740000
139,World War II,1,360,Romania,2,6,22,1941,8,23,1944,0,2,2,290000,211,Belgium,1,5,10,1940,5,28,1940,0,2,1,9600
139,World War II,1,360,Romania,2,6,22,1941,8,23,1944,0,2,2,290000,345,Yugoslavia,1,4,6,1941,4,17,1941,0,2,1,305000
139,World War II,1,360,Romania,2,6,22,1941,8,23,1944,0,2,2,290000,385,Norway,1,4,9,1940,6,9,1940,0,2,1,3000
139,World War II,1,360,Romania,2,6,22,1941,8,23,1944,0,2,2,290000,20,Canada,1,9,10,1939,8,14,1945,0,2,1,41992
139,World War II,1,360,Romania,2,6,22,1941,8,23,1944,0,2,2,290000,2,United States of America,1,12,7,1941,8,14,1945,0,19,1,405400
139,World War II,1,360,Romania,2,6,22,1941,8,23,1944,0,2,2,290000,200,United Kingdom,1,9,3,1939,8,14,1945,0,15,1,418765
139,World War II,1,360,Romania,2,6,22,1941,8,23,1944,0,2,2,290000,210,Netherlands,1,5,10,1940,5,14,1940,0,2,1,7900
139,World War II,1,360,Romania,2,6,22,1941,8,23,1944,0,2,2,290000,355,Bulgaria,1,9,9,1944,5,7,1945,0,2,1,1000
139,World War II,1,360,Romania,2,6,22,1941,8,23,1944,0,2,2,290000,350,Greece,1,10,25,1940,4,23,1941,0,2,1,18300
139,World War II,1,360,Romania,2,6,22,1941,8,23,1944,0,2,2,290000,140,Brazil,1,7,6,1944,5,7,1945,0,2,1,1000
139,World War II,1,360,Romania,2,6,22,1941,8,23,1944,0,2,2,290000,325,Italy,1,10,18,1943,5,7,1945,0,14,1,52400
139,World War II,1,360,Romania,2,6,22,1941,8,23,1944,0,2,2,290000,900,Australia,1,9,3,1939,8,14,1945,0,16,1,33826
139,World War II,1,360,Romania,2,6,22,1941,8,23,1944,0,2,2,290000,920,New Zealand,1,9,3,1939,8,14,1945,0,16,1,12200
139,World War II,1,360,Romania,2,6,22,1941,8,23,1944,0,2,2,290000,365,USSR,1,6,22,1941,8,14,1945,0,12,1,7500000
139,World War II,1,360,Romania,2,6,22,1941,8,23,1944,0,2,2,290000,290,Poland,1,9,1,1939,9,27,1939,0,2,1,320000
139,World War II,1,360,Romania,2,6,22,1941,8,23,1944,0,2,2,290000,220,France,1,9,3,1939,8,14,1945,0,2,1,210824
139,World War II,1,360,Romania,2,6,22,1941,8,23,1944,0,2,2,290000,712,Mongolia,1,8,10,1945,8,14,1945,0,7,1,3000
139,World War II,1,360,Romania,2,6,22,1941,8,23,1944,0,2,2,290000,710,China,1,12,7,1941,8,14,1945,0,7,1,1350000
139,World War II,1,360,Romania,2,6,22,1941,8,23,1944,0,2,2,290000,560,South Africa,1,9,6,1939,8,14,1945,0,4,1,8700
139,World War II,1,360,Romania,2,6,22,1941,8,23,1944,0,2,2,290000,530,Ethiopia,1,1,24,1941,7,3,1941,0,4,1,5000
139,World War II,1,355,Bulgaria,2,12,13,1941,9,8,1944,0,2,2,9000,211,Belgium,1,5,10,1940,5,28,1940,0,2,1,9600
139,World War II,1,355,Bulgaria,2,12,13,1941,9,8,1944,0,2,2,9000,345,Yugoslavia,1,4,6,1941,4,17,1941,0,2,1,305000
139,World War II,1,355,Bulgaria,2,12,13,1941,9,8,1944,0,2,2,9000,385,Norway,1,4,9,1940,6,9,1940,0,2,1,3000
139,World War II,1,355,Bulgaria,2,12,13,1941,9,8,1944,0,2,2,9000,20,Canada,1,9,10,1939,8,14,1945,0,2,1,41992
139,World War II,1,355,Bulgaria,2,12,13,1941,9,8,1944,0,2,2,9000,2,United States of America,1,12,7,1941,8,14,1945,0,19,1,405400
139,World War II,1,355,Bulgaria,2,12,13,1941,9,8,1944,0,2,2,9000,200,United Kingdom,1,9,3,1939,8,14,1945,0,15,1,418765
139,World War II,1,355,Bulgaria,2,12,13,1941,9,8,1944,0,2,2,9000,210,Netherlands,1,5,10,1940,5,14,1940,0,2,1,7900
139,World War II,1,355,Bulgaria,2,12,13,1941,9,8,1944,0,2,2,9000,360,Romania,1,9,9,1944,5,7,1945,0,2,1,10000
139,World War II,1,355,Bulgaria,2,12,13,1941,9,8,1944,0,2,2,9000,350,Greece,1,10,25,1940,4,23,1941,0,2,1,18300
139,World War II,1,355,Bulgaria,2,12,13,1941,9,8,1944,0,2,2,9000,140,Brazil,1,7,6,1944,5,7,1945,0,2,1,1000
139,World War II,1,355,Bulgaria,2,12,13,1941,9,8,1944,0,2,2,9000,325,Italy,1,10,18,1943,5,7,1945,0,14,1,52400
139,World War II,1,355,Bulgaria,2,12,13,1941,9,8,1944,0,2,2,9000,900,Australia,1,9,3,1939,8,14,1945,0,16,1,33826
139,World War II,1,355,Bulgaria,2,12,13,1941,9,8,1944,0,2,2,9000,920,New Zealand,1,9,3,1939,8,14,1945,0,16,1,12200
139,World War II,1,355,Bulgaria,2,12,13,1941,9,8,1944,0,2,2,9000,365,USSR,1,6,22,1941,8,14,1945,0,12,1,7500000
139,World War II,1,355,Bulgaria,2,12,13,1941,9,8,1944,0,2,2,9000,290,Poland,1,9,1,1939,9,27,1939,0,2,1,320000
139,World War II,1,355,Bulgaria,2,12,13,1941,9,8,1944,0,2,2,9000,220,France,1,9,3,1939,8,14,1945,0,2,1,210824
139,World War II,1,355,Bulgaria,2,12,13,1941,9,8,1944,0,2,2,9000,712,Mongolia,1,8,10,1945,8,14,1945,0,7,1,3000
139,World War II,1,355,Bulgaria,2,12,13,1941,9,8,1944,0,2,2,9000,710,China,1,12,7,1941,8,14,1945,0,7,1,1350000
139,World War II,1,355,Bulgaria,2,12,13,1941,9,8,1944,0,2,2,9000,560,South Africa,1,9,6,1939,8,14,1945,0,4,1,8700
139,World War II,1,355,Bulgaria,2,12,13,1941,9,8,1944,0,2,2,9000,530,Ethiopia,1,1,24,1941,7,3,1941,0,4,1,5000
139,World War II,1,355,Bulgaria,1,9,9,1944,5,7,1945,0,2,1,1000,310,Hungary,2,6,27,1941,1,20,1945,0,2,2,136000
139,World War II,1,355,Bulgaria,1,9,9,1944,5,7,1945,0,2,1,1000,220,France,2,7,7,1940,7,14,1941,0,2,2,2500
139,World War II,1,355,Bulgaria,1,9,9,1944,5,7,1945,0,2,1,1000,375,Finland,2,6,25,1941,9,19,1944,0,2,2,65000
139,World War II,1,355,Bulgaria,1,9,9,1944,5,7,1945,0,2,1,1000,325,Italy,2,6,10,1940,9,2,1943,0,14,2,174500
139,World War II,1,355,Bulgaria,1,9,9,1944,5,7,1945,0,2,1,1000,360,Romania,2,6,22,1941,8,23,1944,0,2,2,290000
139,World War II,1,355,Bulgaria,1,9,9,1944,5,7,1945,0,2,1,1000,255,Germany,2,9,1,1939,5,7,1945,1,14,2,3500000
139,World War II,1,355,Bulgaria,1,9,9,1944,5,7,1945,0,2,1,1000,740,Japan,2,12,7,1941,8,14,1945,0,17,2,1740000
139,World War II,1,350,Greece,1,10,25,1940,4,23,1941,0,2,1,18300,310,Hungary,2,6,27,1941,1,20,1945,0,2,2,136000
139,World War II,1,350,Greece,1,10,25,1940,4,23,1941,0,2,1,18300,220,France,2,7,7,1940,7,14,1941,0,2,2,2500
139,World War II,1,350,Greece,1,10,25,1940,4,23,1941,0,2,1,18300,375,Finland,2,6,25,1941,9,19,1944,0,2,2,65000
139,World War II,1,350,Greece,1,10,25,1940,4,23,1941,0,2,1,18300,325,Italy,2,6,10,1940,9,2,1943,0,14,2,174500
139,World War II,1,350,Greece,1,10,25,1940,4,23,1941,0,2,1,18300,360,Romania,2,6,22,1941,8,23,1944,0,2,2,290000
139,World War II,1,350,Greece,1,10,25,1940,4,23,1941,0,2,1,18300,355,Bulgaria,2,12,13,1941,9,8,1944,0,2,2,9000
139,World War II,1,350,Greece,1,10,25,1940,4,23,1941,0,2,1,18300,255,Germany,2,9,1,1939,5,7,1945,1,14,2,3500000
139,World War II,1,350,Greece,1,10,25,1940,4,23,1941,0,2,1,18300,740,Japan,2,12,7,1941,8,14,1945,0,17,2,1740000
139,World War II,1,140,Brazil,1,7,6,1944,5,7,1945,0,2,1,1000,310,Hungary,2,6,27,1941,1,20,1945,0,2,2,136000
139,World War II,1,140,Brazil,1,7,6,1944,5,7,1945,0,2,1,1000,220,France,2,7,7,1940,7,14,1941,0,2,2,2500
139,World War II,1,140,Brazil,1,7,6,1944,5,7,1945,0,2,1,1000,375,Finland,2,6,25,1941,9,19,1944,0,2,2,65000
139,World War II,1,140,Brazil,1,7,6,1944,5,7,1945,0,2,1,1000,325,Italy,2,6,10,1940,9,2,1943,0,14,2,174500
139,World War II,1,140,Brazil,1,7,6,1944,5,7,1945,0,2,1,1000,360,Romania,2,6,22,1941,8,23,1944,0,2,2,290000
139,World War II,1,140,Brazil,1,7,6,1944,5,7,1945,0,2,1,1000,355,Bulgaria,2,12,13,1941,9,8,1944,0,2,2,9000
139,World War II,1,140,Brazil,1,7,6,1944,5,7,1945,0,2,1,1000,255,Germany,2,9,1,1939,5,7,1945,1,14,2,3500000
139,World War II,1,140,Brazil,1,7,6,1944,5,7,1945,0,2,1,1000,740,Japan,2,12,7,1941,8,14,1945,0,17,2,1740000
139,World War II,1,325,Italy,1,10,18,1943,5,7,1945,0,14,1,52400,310,Hungary,2,6,27,1941,1,20,1945,0,2,2,136000
139,World War II,1,325,Italy,1,10,18,1943,5,7,1945,0,14,1,52400,220,France,2,7,7,1940,7,14,1941,0,2,2,2500
139,World War II,1,325,Italy,1,10,18,1943,5,7,1945,0,14,1,52400,375,Finland,2,6,25,1941,9,19,1944,0,2,2,65000
139,World War II,1,325,Italy,1,10,18,1943,5,7,1945,0,14,1,52400,360,Romania,2,6,22,1941,8,23,1944,0,2,2,290000
139,World War II,1,325,Italy,1,10,18,1943,5,7,1945,0,14,1,52400,355,Bulgaria,2,12,13,1941,9,8,1944,0,2,2,9000
139,World War II,1,325,Italy,1,10,18,1943,5,7,1945,0,14,1,52400,255,Germany,2,9,1,1939,5,7,1945,1,14,2,3500000
139,World War II,1,325,Italy,1,10,18,1943,5,7,1945,0,14,1,52400,740,Japan,2,12,7,1941,8,14,1945,0,17,2,1740000
139,World War II,1,900,Australia,1,9,3,1939,8,14,1945,0,16,1,33826,310,Hungary,2,6,27,1941,1,20,1945,0,2,2,136000
139,World War II,1,900,Australia,1,9,3,1939,8,14,1945,0,16,1,33826,220,France,2,7,7,1940,7,14,1941,0,2,2,2500
139,World War II,1,900,Australia,1,9,3,1939,8,14,1945,0,16,1,33826,375,Finland,2,6,25,1941,9,19,1944,0,2,2,65000
139,World War II,1,900,Australia,1,9,3,1939,8,14,1945,0,16,1,33826,325,Italy,2,6,10,1940,9,2,1943,0,14,2,174500
139,World War II,1,900,Australia,1,9,3,1939,8,14,1945,0,16,1,33826,360,Romania,2,6,22,1941,8,23,1944,0,2,2,290000
139,World War II,1,900,Australia,1,9,3,1939,8,14,1945,0,16,1,33826,355,Bulgaria,2,12,13,1941,9,8,1944,0,2,2,9000
139,World War II,1,900,Australia,1,9,3,1939,8,14,1945,0,16,1,33826,255,Germany,2,9,1,1939,5,7,1945,1,14,2,3500000
139,World War II,1,900,Australia,1,9,3,1939,8,14,1945,0,16,1,33826,740,Japan,2,12,7,1941,8,14,1945,0,17,2,1740000
139,World War II,1,920,New Zealand,1,9,3,1939,8,14,1945,0,16,1,12200,310,Hungary,2,6,27,1941,1,20,1945,0,2,2,136000
139,World War II,1,920,New Zealand,1,9,3,1939,8,14,1945,0,16,1,12200,220,France,2,7,7,1940,7,14,1941,0,2,2,2500
139,World War II,1,920,New Zealand,1,9,3,1939,8,14,1945,0,16,1,12200,375,Finland,2,6,25,1941,9,19,1944,0,2,2,65000
139,World War II,1,920,New Zealand,1,9,3,1939,8,14,1945,0,16,1,12200,325,Italy,2,6,10,1940,9,2,1943,0,14,2,174500
139,World War II,1,920,New Zealand,1,9,3,1939,8,14,1945,0,16,1,12200,360,Romania,2,6,22,1941,8,23,1944,0,2,2,290000
139,World War II,1,920,New Zealand,1,9,3,1939,8,14,1945,0,16,1,12200,355,Bulgaria,2,12,13,1941,9,8,1944,0,2,2,9000
139,World War II,1,920,New Zealand,1,9,3,1939,8,14,1945,0,16,1,12200,255,Germany,2,9,1,1939,5,7,1945,1,14,2,3500000
139,World War II,1,920,New Zealand,1,9,3,1939,8,14,1945,0,16,1,12200,740,Japan,2,12,7,1941,8,14,1945,0,17,2,1740000
139,World War II,1,365,USSR,1,6,22,1941,8,14,1945,0,12,1,7500000,310,Hungary,2,6,27,1941,1,20,1945,0,2,2,136000
139,World War II,1,365,USSR,1,6,22,1941,8,14,1945,0,12,1,7500000,220,France,2,7,7,1940,7,14,1941,0,2,2,2500
139,World War II,1,365,USSR,1,6,22,1941,8,14,1945,0,12,1,7500000,375,Finland,2,6,25,1941,9,19,1944,0,2,2,65000
139,World War II,1,365,USSR,1,6,22,1941,8,14,1945,0,12,1,7500000,325,Italy,2,6,10,1940,9,2,1943,0,14,2,174500
139,World War II,1,365,USSR,1,6,22,1941,8,14,1945,0,12,1,7500000,360,Romania,2,6,22,1941,8,23,1944,0,2,2,290000
139,World War II,1,365,USSR,1,6,22,1941,8,14,1945,0,12,1,7500000,355,Bulgaria,2,12,13,1941,9,8,1944,0,2,2,9000
139,World War II,1,365,USSR,1,6,22,1941,8,14,1945,0,12,1,7500000,255,Germany,2,9,1,1939,5,7,1945,1,14,2,3500000
139,World War II,1,365,USSR,1,6,22,1941,8,14,1945,0,12,1,7500000,740,Japan,2,12,7,1941,8,14,1945,0,17,2,1740000
139,World War II,1,255,Germany,2,9,1,1939,5,7,1945,1,14,2,3500000,211,Belgium,1,5,10,1940,5,28,1940,0,2,1,9600
139,World War II,1,255,Germany,2,9,1,1939,5,7,1945,1,14,2,3500000,345,Yugoslavia,1,4,6,1941,4,17,1941,0,2,1,305000
139,World War II,1,255,Germany,2,9,1,1939,5,7,1945,1,14,2,3500000,385,Norway,1,4,9,1940,6,9,1940,0,2,1,3000
139,World War II,1,255,Germany,2,9,1,1939,5,7,1945,1,14,2,3500000,20,Canada,1,9,10,1939,8,14,1945,0,2,1,41992
139,World War II,1,255,Germany,2,9,1,1939,5,7,1945,1,14,2,3500000,2,United States of America,1,12,7,1941,8,14,1945,0,19,1,405400
139,World War II,1,255,Germany,2,9,1,1939,5,7,1945,1,14,2,3500000,200,United Kingdom,1,9,3,1939,8,14,1945,0,15,1,418765
139,World War II,1,255,Germany,2,9,1,1939,5,7,1945,1,14,2,3500000,210,Netherlands,1,5,10,1940,5,14,1940,0,2,1,7900
139,World War II,1,255,Germany,2,9,1,1939,5,7,1945,1,14,2,3500000,360,Romania,1,9,9,1944,5,7,1945,0,2,1,10000
139,World War II,1,255,Germany,2,9,1,1939,5,7,1945,1,14,2,3500000,355,Bulgaria,1,9,9,1944,5,7,1945,0,2,1,1000
139,World War II,1,255,Germany,2,9,1,1939,5,7,1945,1,14,2,3500000,350,Greece,1,10,25,1940,4,23,1941,0,2,1,18300
139,World War II,1,255,Germany,2,9,1,1939,5,7,1945,1,14,2,3500000,140,Brazil,1,7,6,1944,5,7,1945,0,2,1,1000
139,World War II,1,255,Germany,2,9,1,1939,5,7,1945,1,14,2,3500000,325,Italy,1,10,18,1943,5,7,1945,0,14,1,52400
139,World War II,1,255,Germany,2,9,1,1939,5,7,1945,1,14,2,3500000,900,Australia,1,9,3,1939,8,14,1945,0,16,1,33826
139,World War II,1,255,Germany,2,9,1,1939,5,7,1945,1,14,2,3500000,920,New Zealand,1,9,3,1939,8,14,1945,0,16,1,12200
139,World War II,1,255,Germany,2,9,1,1939,5,7,1945,1,14,2,3500000,365,USSR,1,6,22,1941,8,14,1945,0,12,1,7500000
139,World War II,1,255,Germany,2,9,1,1939,5,7,1945,1,14,2,3500000,290,Poland,1,9,1,1939,9,27,1939,0,2,1,320000
139,World War II,1,255,Germany,2,9,1,1939,5,7,1945,1,14,2,3500000,220,France,1,9,3,1939,8,14,1945,0,2,1,210824
139,World War II,1,255,Germany,2,9,1,1939,5,7,1945,1,14,2,3500000,712,Mongolia,1,8,10,1945,8,14,1945,0,7,1,3000
139,World War II,1,255,Germany,2,9,1,1939,5,7,1945,1,14,2,3500000,710,China,1,12,7,1941,8,14,1945,0,7,1,1350000
139,World War II,1,255,Germany,2,9,1,1939,5,7,1945,1,14,2,3500000,560,South Africa,1,9,6,1939,8,14,1945,0,4,1,8700
139,World War II,1,255,Germany,2,9,1,1939,5,7,1945,1,14,2,3500000,530,Ethiopia,1,1,24,1941,7,3,1941,0,4,1,5000
139,World War II,1,290,Poland,1,9,1,1939,9,27,1939,0,2,1,320000,310,Hungary,2,6,27,1941,1,20,1945,0,2,2,136000
139,World War II,1,290,Poland,1,9,1,1939,9,27,1939,0,2,1,320000,220,France,2,7,7,1940,7,14,1941,0,2,2,2500
139,World War II,1,290,Poland,1,9,1,1939,9,27,1939,0,2,1,320000,375,Finland,2,6,25,1941,9,19,1944,0,2,2,65000
139,World War II,1,290,Poland,1,9,1,1939,9,27,1939,0,2,1,320000,325,Italy,2,6,10,1940,9,2,1943,0,14,2,174500
139,World War II,1,290,Poland,1,9,1,1939,9,27,1939,0,2,1,320000,360,Romania,2,6,22,1941,8,23,1944,0,2,2,290000
139,World War II,1,290,Poland,1,9,1,1939,9,27,1939,0,2,1,320000,355,Bulgaria,2,12,13,1941,9,8,1944,0,2,2,9000
139,World War II,1,290,Poland,1,9,1,1939,9,27,1939,0,2,1,320000,255,Germany,2,9,1,1939,5,7,1945,1,14,2,3500000
139,World War II,1,290,Poland,1,9,1,1939,9,27,1939,0,2,1,320000,740,Japan,2,12,7,1941,8,14,1945,0,17,2,1740000
139,World War II,1,220,France,1,9,3,1939,8,14,1945,0,2,1,210824,310,Hungary,2,6,27,1941,1,20,1945,0,2,2,136000
139,World War II,1,220,France,1,9,3,1939,8,14,1945,0,2,1,210824,375,Finland,2,6,25,1941,9,19,1944,0,2,2,65000
139,World War II,1,220,France,1,9,3,1939,8,14,1945,0,2,1,210824,325,Italy,2,6,10,1940,9,2,1943,0,14,2,174500
139,World War II,1,220,France,1,9,3,1939,8,14,1945,0,2,1,210824,360,Romania,2,6,22,1941,8,23,1944,0,2,2,290000
139,World War II,1,220,France,1,9,3,1939,8,14,1945,0,2,1,210824,355,Bulgaria,2,12,13,1941,9,8,1944,0,2,2,9000
139,World War II,1,220,France,1,9,3,1939,8,14,1945,0,2,1,210824,255,Germany,2,9,1,1939,5,7,1945,1,14,2,3500000
139,World War II,1,220,France,1,9,3,1939,8,14,1945,0,2,1,210824,740,Japan,2,12,7,1941,8,14,1945,0,17,2,1740000
139,World War II,1,740,Japan,2,12,7,1941,8,14,1945,0,17,2,1740000,211,Belgium,1,5,10,1940,5,28,1940,0,2,1,9600
139,World War II,1,740,Japan,2,12,7,1941,8,14,1945,0,17,2,1740000,345,Yugoslavia,1,4,6,1941,4,17,1941,0,2,1,305000
139,World War II,1,740,Japan,2,12,7,1941,8,14,1945,0,17,2,1740000,385,Norway,1,4,9,1940,6,9,1940,0,2,1,3000
139,World War II,1,740,Japan,2,12,7,1941,8,14,1945,0,17,2,1740000,20,Canada,1,9,10,1939,8,14,1945,0,2,1,41992
139,World War II,1,740,Japan,2,12,7,1941,8,14,1945,0,17,2,1740000,2,United States of America,1,12,7,1941,8,14,1945,0,19,1,405400
139,World War II,1,740,Japan,2,12,7,1941,8,14,1945,0,17,2,1740000,200,United Kingdom,1,9,3,1939,8,14,1945,0,15,1,418765
139,World War II,1,740,Japan,2,12,7,1941,8,14,1945,0,17,2,1740000,210,Netherlands,1,5,10,1940,5,14,1940,0,2,1,7900
139,World War II,1,740,Japan,2,12,7,1941,8,14,1945,0,17,2,1740000,360,Romania,1,9,9,1944,5,7,1945,0,2,1,10000
139,World War II,1,740,Japan,2,12,7,1941,8,14,1945,0,17,2,1740000,355,Bulgaria,1,9,9,1944,5,7,1945,0,2,1,1000
139,World War II,1,740,Japan,2,12,7,1941,8,14,1945,0,17,2,1740000,350,Greece,1,10,25,1940,4,23,1941,0,2,1,18300
139,World War II,1,740,Japan,2,12,7,1941,8,14,1945,0,17,2,1740000,140,Brazil,1,7,6,1944,5,7,1945,0,2,1,1000
139,World War II,1,740,Japan,2,12,7,1941,8,14,1945,0,17,2,1740000,325,Italy,1,10,18,1943,5,7,1945,0,14,1,52400
139,World War II,1,740,Japan,2,12,7,1941,8,14,1945,0,17,2,1740000,900,Australia,1,9,3,1939,8,14,1945,0,16,1,33826
139,World War II,1,740,Japan,2,12,7,1941,8,14,1945,0,17,2,1740000,920,New Zealand,1,9,3,1939,8,14,1945,0,16,1,12200
139,World War II,1,740,Japan,2,12,7,1941,8,14,1945,0,17,2,1740000,365,USSR,1,6,22,1941,8,14,1945,0,12,1,7500000
139,World War II,1,740,Japan,2,12,7,1941,8,14,1945,0,17,2,1740000,290,Poland,1,9,1,1939,9,27,1939,0,2,1,320000
139,World War II,1,740,Japan,2,12,7,1941,8,14,1945,0,17,2,1740000,220,France,1,9,3,1939,8,14,1945,0,2,1,210824
139,World War II,1,740,Japan,2,12,7,1941,8,14,1945,0,17,2,1740000,712,Mongolia,1,8,10,1945,8,14,1945,0,7,1,3000
139,World War II,1,740,Japan,2,12,7,1941,8,14,1945,0,17,2,1740000,710,China,1,12,7,1941,8,14,1945,0,7,1,1350000
139,World War II,1,740,Japan,2,12,7,1941,8,14,1945,0,17,2,1740000,560,South Africa,1,9,6,1939,8,14,1945,0,4,1,8700
139,World War II,1,740,Japan,2,12,7,1941,8,14,1945,0,17,2,1740000,530,Ethiopia,1,1,24,1941,7,3,1941,0,4,1,5000
139,World War II,1,712,Mongolia,1,8,10,1945,8,14,1945,0,7,1,3000,310,Hungary,2,6,27,1941,1,20,1945,0,2,2,136000
139,World War II,1,712,Mongolia,1,8,10,1945,8,14,1945,0,7,1,3000,220,France,2,7,7,1940,7,14,1941,0,2,2,2500
139,World War II,1,712,Mongolia,1,8,10,1945,8,14,1945,0,7,1,3000,375,Finland,2,6,25,1941,9,19,1944,0,2,2,65000
139,World War II,1,712,Mongolia,1,8,10,1945,8,14,1945,0,7,1,3000,325,Italy,2,6,10,1940,9,2,1943,0,14,2,174500
139,World War II,1,712,Mongolia,1,8,10,1945,8,14,1945,0,7,1,3000,360,Romania,2,6,22,1941,8,23,1944,0,2,2,290000
139,World War II,1,712,Mongolia,1,8,10,1945,8,14,1945,0,7,1,3000,355,Bulgaria,2,12,13,1941,9,8,1944,0,2,2,9000
139,World War II,1,712,Mongolia,1,8,10,1945,8,14,1945,0,7,1,3000,255,Germany,2,9,1,1939,5,7,1945,1,14,2,3500000
139,World War II,1,712,Mongolia,1,8,10,1945,8,14,1945,0,7,1,3000,740,Japan,2,12,7,1941,8,14,1945,0,17,2,1740000
139,World War II,1,710,China,1,12,7,1941,8,14,1945,0,7,1,1350000,310,Hungary,2,6,27,1941,1,20,1945,0,2,2,136000
139,World War II,1,710,China,1,12,7,1941,8,14,1945,0,7,1,1350000,220,France,2,7,7,1940,7,14,1941,0,2,2,2500
139,World War II,1,710,China,1,12,7,1941,8,14,1945,0,7,1,1350000,375,Finland,2,6,25,1941,9,19,1944,0,2,2,65000
139,World War II,1,710,China,1,12,7,1941,8,14,1945,0,7,1,1350000,325,Italy,2,6,10,1940,9,2,1943,0,14,2,174500
139,World War II,1,710,China,1,12,7,1941,8,14,1945,0,7,1,1350000,360,Romania,2,6,22,1941,8,23,1944,0,2,2,290000
139,World War II,1,710,China,1,12,7,1941,8,14,1945,0,7,1,1350000,355,Bulgaria,2,12,13,1941,9,8,1944,0,2,2,9000
139,World War II,1,710,China,1,12,7,1941,8,14,1945,0,7,1,1350000,255,Germany,2,9,1,1939,5,7,1945,1,14,2,3500000
139,World War II,1,710,China,1,12,7,1941,8,14,1945,0,7,1,1350000,740,Japan,2,12,7,1941,8,14,1945,0,17,2,1740000
139,World War II,1,560,South Africa,1,9,6,1939,8,14,1945,0,4,1,8700,310,Hungary,2,6,27,1941,1,20,1945,0,2,2,136000
139,World War II,1,560,South Africa,1,9,6,1939,8,14,1945,0,4,1,8700,220,France,2,7,7,1940,7,14,1941,0,2,2,2500
139,World War II,1,560,South Africa,1,9,6,1939,8,14,1945,0,4,1,8700,375,Finland,2,6,25,1941,9,19,1944,0,2,2,65000
139,World War II,1,560,South Africa,1,9,6,1939,8,14,1945,0,4,1,8700,325,Italy,2,6,10,1940,9,2,1943,0,14,2,174500
139,World War II,1,560,South Africa,1,9,6,1939,8,14,1945,0,4,1,8700,360,Romania,2,6,22,1941,8,23,1944,0,2,2,290000
139,World War II,1,560,South Africa,1,9,6,1939,8,14,1945,0,4,1,8700,355,Bulgaria,2,12,13,1941,9,8,1944,0,2,2,9000
139,World War II,1,560,South Africa,1,9,6,1939,8,14,1945,0,4,1,8700,255,Germany,2,9,1,1939,5,7,1945,1,14,2,3500000
139,World War II,1,560,South Africa,1,9,6,1939,8,14,1945,0,4,1,8700,740,Japan,2,12,7,1941,8,14,1945,0,17,2,1740000
139,World War II,1,530,Ethiopia,1,1,24,1941,7,3,1941,0,4,1,5000,310,Hungary,2,6,27,1941,1,20,1945,0,2,2,136000
139,World War II,1,530,Ethiopia,1,1,24,1941,7,3,1941,0,4,1,5000,220,France,2,7,7,1940,7,14,1941,0,2,2,2500
139,World War II,1,530,Ethiopia,1,1,24,1941,7,3,1941,0,4,1,5000,375,Finland,2,6,25,1941,9,19,1944,0,2,2,65000
139,World War II,1,530,Ethiopia,1,1,24,1941,7,3,1941,0,4,1,5000,325,Italy,2,6,10,1940,9,2,1943,0,14,2,174500
139,World War II,1,530,Ethiopia,1,1,24,1941,7,3,1941,0,4,1,5000,360,Romania,2,6,22,1941,8,23,1944,0,2,2,290000
139,World War II,1,530,Ethiopia,1,1,24,1941,7,3,1941,0,4,1,5000,355,Bulgaria,2,12,13,1941,9,8,1944,0,2,2,9000
139,World War II,1,530,Ethiopia,1,1,24,1941,7,3,1941,0,4,1,5000,255,Germany,2,9,1,1939,5,7,1945,1,14,2,3500000
139,World War II,1,530,Ethiopia,1,1,24,1941,7,3,1941,0,4,1,5000,740,Japan,2,12,7,1941,8,14,1945,0,17,2,1740000
142,Russo-Finnish,1,375,Finland,2,11,30,1939,3,12,1940,0,2,2,24923,365,USSR,1,11,30,1939,3,12,1940,1,2,1,126875
142,Russo-Finnish,1,365,USSR,1,11,30,1939,3,12,1940,1,2,1,126875,375,Finland,2,11,30,1939,3,12,1940,0,2,2,24923
145,Franco-Thai,1,220,France,2,12,1,1940,1,28,1941,0,7,2,700,800,Thailand,1,12,1,1940,1,28,1941,1,7,1,700
145,Franco-Thai,1,800,Thailand,1,12,1,1940,1,28,1941,1,7,1,700,220,France,2,12,1,1940,1,28,1941,0,7,2,700
147,First Kashmir,1,750,India,1,10,26,1947,1,1,1949,1,7,6,2500,770,Pakistan,2,10,26,1947,1,1,1949,0,7,6,1000
147,First Kashmir,1,770,Pakistan,2,10,26,1947,1,1,1949,0,7,6,1000,750,India,1,10,26,1947,1,1,1949,1,7,6,2500
148,Arab-Israeli,1,666,Israel,1,5,15,1948,1,7,1949,0,6,1,3000,651,Egypt,2,5,15,1948,1,7,1949,0,6,2,2000
148,Arab-Israeli,1,666,Israel,1,5,15,1948,1,7,1949,0,6,1,3000,652,Syria,2,5,15,1948,10,31,1948,0,6,2,1000
148,Arab-Israeli,1,666,Israel,1,5,15,1948,1,7,1949,0,6,1,3000,660,Lebanon,2,5,15,1948,10,31,1948,0,6,2,500
148,Arab-Israeli,1,666,Israel,1,5,15,1948,1,7,1949,0,6,1,3000,663,Jordan,2,5,15,1948,10,31,1948,1,6,2,1000
148,Arab-Israeli,1,666,Israel,1,5,15,1948,1,7,1949,0,6,1,3000,645,Iraq,2,5,15,1948,10,31,1948,0,6,2,500
148,Arab-Israeli,1,651,Egypt,2,5,15,1948,1,7,1949,0,6,2,2000,666,Israel,1,5,15,1948,1,7,1949,0,6,1,3000
148,Arab-Israeli,1,652,Syria,2,5,15,1948,10,31,1948,0,6,2,1000,666,Israel,1,5,15,1948,1,7,1949,0,6,1,3000
148,Arab-Israeli,1,660,Lebanon,2,5,15,1948,10,31,1948,0,6,2,500,666,Israel,1,5,15,1948,1,7,1949,0,6,1,3000
148,Arab-Israeli,1,663,Jordan,2,5,15,1948,10,31,1948,1,6,2,1000,666,Israel,1,5,15,1948,1,7,1949,0,6,1,3000
148,Arab-Israeli,1,645,Iraq,2,5,15,1948,10,31,1948,0,6,2,500,666,Israel,1,5,15,1948,1,7,1949,0,6,1,3000
151,Korean,1,710,China,2,10,27,1950,7,27,1953,0,7,6,422612,211,Belgium,1,1,20,1951,7,27,1953,0,7,6,97
151,Korean,1,710,China,2,10,27,1950,7,27,1953,0,7,6,422612,20,Canada,1,12,19,1950,7,27,1953,0,7,6,309
151,Korean,1,710,China,2,10,27,1950,7,27,1953,0,7,6,422612,100,Colombia,1,6,6,1951,7,27,1953,0,7,6,140
151,Korean,1,710,China,2,10,27,1950,7,27,1953,0,7,6,422612,200,United Kingdom,1,8,29,1950,7,27,1953,0,7,6,710
151,Korean,1,710,China,2,10,27,1950,7,27,1953,0,7,6,422612,210,Netherlands,1,1,20,1951,7,27,1953,0,7,6,111
151,Korean,1,710,China,2,10,27,1950,7,27,1953,0,7,6,422612,350,Greece,1,1,20,1951,7,27,1953,0,7,6,169
151,Korean,1,710,China,2,10,27,1950,7,27,1953,0,7,6,422612,220,France,1,1,1,1951,7,27,1953,0,7,6,288
151,Korean,1,710,China,2,10,27,1950,7,27,1953,0,7,6,422612,640,Turkey,1,10,18,1950,7,27,1953,0,7,6,717
151,Korean,1,710,China,2,10,27,1950,7,27,1953,0,7,6,422612,840,Philippines,1,9,16,1950,7,27,1953,0,7,6,92
151,Korean,1,710,China,2,10,27,1950,7,27,1953,0,7,6,422612,800,Thailand,1,1,20,1951,7,27,1953,0,7,6,114
151,Korean,1,710,China,2,10,27,1950,7,27,1953,0,7,6,422612,530,Ethiopia,1,5,1,1951,7,27,1953,0,7,6,120
151,Korean,1,710,China,2,10,27,1950,7,27,1953,0,7,6,422612,900,Australia,1,12,10,1950,7,27,1953,0,7,6,291
151,Korean,1,710,China,2,10,27,1950,7,27,1953,0,7,6,422612,732,South Korea,1,6,24,1950,7,27,1953,0,7,6,113248
151,Korean,1,710,China,2,10,27,1950,7,27,1953,0,7,6,422612,2,United States of America,1,6,27,1950,7,27,1953,0,7,6,54487
151,Korean,1,211,Belgium,1,1,20,1951,7,27,1953,0,7,6,97,710,China,2,10,27,1950,7,27,1953,0,7,6,422612
151,Korean,1,211,Belgium,1,1,20,1951,7,27,1953,0,7,6,97,731,North Korea,2,6,24,1950,7,27,1953,1,7,6,316579
151,Korean,1,20,Canada,1,12,19,1950,7,27,1953,0,7,6,309,710,China,2,10,27,1950,7,27,1953,0,7,6,422612
151,Korean,1,20,Canada,1,12,19,1950,7,27,1953,0,7,6,309,731,North Korea,2,6,24,1950,7,27,1953,1,7,6,316579
151,Korean,1,100,Colombia,1,6,6,1951,7,27,1953,0,7,6,140,710,China,2,10,27,1950,7,27,1953,0,7,6,422612
151,Korean,1,100,Colombia,1,6,6,1951,7,27,1953,0,7,6,140,731,North Korea,2,6,24,1950,7,27,1953,1,7,6,316579
151,Korean,1,200,United Kingdom,1,8,29,1950,7,27,1953,0,7,6,710,710,China,2,10,27,1950,7,27,1953,0,7,6,422612
151,Korean,1,200,United Kingdom,1,8,29,1950,7,27,1953,0,7,6,710,731,North Korea,2,6,24,1950,7,27,1953,1,7,6,316579
151,Korean,1,210,Netherlands,1,1,20,1951,7,27,1953,0,7,6,111,710,China,2,10,27,1950,7,27,1953,0,7,6,422612
151,Korean,1,210,Netherlands,1,1,20,1951,7,27,1953,0,7,6,111,731,North Korea,2,6,24,1950,7,27,1953,1,7,6,316579
151,Korean,1,350,Greece,1,1,20,1951,7,27,1953,0,7,6,169,710,China,2,10,27,1950,7,27,1953,0,7,6,422612
151,Korean,1,350,Greece,1,1,20,1951,7,27,1953,0,7,6,169,731,North Korea,2,6,24,1950,7,27,1953,1,7,6,316579
151,Korean,1,220,France,1,1,1,1951,7,27,1953,0,7,6,288,710,China,2,10,27,1950,7,27,1953,0,7,6,422612
151,Korean,1,220,France,1,1,1,1951,7,27,1953,0,7,6,288,731,North Korea,2,6,24,1950,7,27,1953,1,7,6,316579
151,Korean,1,640,Turkey,1,10,18,1950,7,27,1953,0,7,6,717,710,China,2,10,27,1950,7,27,1953,0,7,6,422612
151,Korean,1,640,Turkey,1,10,18,1950,7,27,1953,0,7,6,717,731,North Korea,2,6,24,1950,7,27,1953,1,7,6,316579
151,Korean,1,840,Philippines,1,9,16,1950,7,27,1953,0,7,6,92,710,China,2,10,27,1950,7,27,1953,0,7,6,422612
151,Korean,1,840,Philippines,1,9,16,1950,7,27,1953,0,7,6,92,731,North Korea,2,6,24,1950,7,27,1953,1,7,6,316579
151,Korean,1,800,Thailand,1,1,20,1951,7,27,1953,0,7,6,114,710,China,2,10,27,1950,7,27,1953,0,7,6,422612
151,Korean,1,800,Thailand,1,1,20,1951,7,27,1953,0,7,6,114,731,North Korea,2,6,24,1950,7,27,1953,1,7,6,316579
151,Korean,1,731,North Korea,2,6,24,1950,7,27,1953,1,7,6,316579,211,Belgium,1,1,20,1951,7,27,1953,0,7,6,97
151,Korean,1,731,North Korea,2,6,24,1950,7,27,1953,1,7,6,316579,20,Canada,1,12,19,1950,7,27,1953,0,7,6,309
151,Korean,1,731,North Korea,2,6,24,1950,7,27,1953,1,7,6,316579,100,Colombia,1,6,6,1951,7,27,1953,0,7,6,140
151,Korean,1,731,North Korea,2,6,24,1950,7,27,1953,1,7,6,316579,200,United Kingdom,1,8,29,1950,7,27,1953,0,7,6,710
151,Korean,1,731,North Korea,2,6,24,1950,7,27,1953,1,7,6,316579,210,Netherlands,1,1,20,1951,7,27,1953,0,7,6,111
151,Korean,1,731,North Korea,2,6,24,1950,7,27,1953,1,7,6,316579,350,Greece,1,1,20,1951,7,27,1953,0,7,6,169
151,Korean,1,731,North Korea,2,6,24,1950,7,27,1953,1,7,6,316579,220,France,1,1,1,1951,7,27,1953,0,7,6,288
151,Korean,1,731,North Korea,2,6,24,1950,7,27,1953,1,7,6,316579,640,Turkey,1,10,18,1950,7,27,1953,0,7,6,717
151,Korean,1,731,North Korea,2,6,24,1950,7,27,1953,1,7,6,316579,840,Philippines,1,9,16,1950,7,27,1953,0,7,6,92
151,Korean,1,731,North Korea,2,6,24,1950,7,27,1953,1,7,6,316579,800,Thailand,1,1,20,1951,7,27,1953,0,7,6,114
151,Korean,1,731,North Korea,2,6,24,1950,7,27,1953,1,7,6,316579,530,Ethiopia,1,5,1,1951,7,27,1953,0,7,6,120
151,Korean,1,731,North Korea,2,6,24,1950,7,27,1953,1,7,6,316579,900,Australia,1,12,10,1950,7,27,1953,0,7,6,291
151,Korean,1,731,North Korea,2,6,24,1950,7,27,1953,1,7,6,316579,732,South Korea,1,6,24,1950,7,27,1953,0,7,6,113248
151,Korean,1,731,North Korea,2,6,24,1950,7,27,1953,1,7,6,316579,2,United States of America,1,6,27,1950,7,27,1953,0,7,6,54487
151,Korean,1,530,Ethiopia,1,5,1,1951,7,27,1953,0,7,6,120,710,China,2,10,27,1950,7,27,1953,0,7,6,422612
151,Korean,1,530,Ethiopia,1,5,1,1951,7,27,1953,0,7,6,120,731,North Korea,2,6,24,1950,7,27,1953,1,7,6,316579
151,Korean,1,900,Australia,1,12,10,1950,7,27,1953,0,7,6,291,710,China,2,10,27,1950,7,27,1953,0,7,6,422612
151,Korean,1,900,Australia,1,12,10,1950,7,27,1953,0,7,6,291,731,North Korea,2,6,24,1950,7,27,1953,1,7,6,316579
151,Korean,1,732,South Korea,1,6,24,1950,7,27,1953,0,7,6,113248,710,China,2,10,27,1950,7,27,1953,0,7,6,422612
151,Korean,1,732,South Korea,1,6,24,1950,7,27,1953,0,7,6,113248,731,North Korea,2,6,24,1950,7,27,1953,1,7,6,316579
151,Korean,1,2,United States of America,1,6,27,1950,7,27,1953,0,7,6,54487,710,China,2,10,27,1950,7,27,1953,0,7,6,422612
151,Korean,1,2,United States of America,1,6,27,1950,7,27,1953,0,7,6,54487,731,North Korea,2,6,24,1950,7,27,1953,1,7,6,316579
153,Off-shore Islands,1,710,China,1,9,3,1954,4,23,1955,1,7,1,1003,713,Taiwan,2,9,3,1954,4,23,1955,0,7,2,1367
153,Off-shore Islands,1,713,Taiwan,2,9,3,1954,4,23,1955,0,7,2,1367,710,China,1,9,3,1954,4,23,1955,1,7,1,1003
155,Sinai War,1,220,France,1,10,31,1956,11,6,1956,0,6,1,10,651,Egypt,2,10,29,1956,11,6,1956,0,6,2,3000
155,Sinai War,1,666,Israel,1,10,29,1956,11,6,1956,1,6,1,189,651,Egypt,2,10,29,1956,11,6,1956,0,6,2,3000
155,Sinai War,1,651,Egypt,2,10,29,1956,11,6,1956,0,6,2,3000,220,France,1,10,31,1956,11,6,1956,0,6,1,10
155,Sinai War,1,651,Egypt,2,10,29,1956,11,6,1956,0,6,2,3000,666,Israel,1,10,29,1956,11,6,1956,1,6,1,189
155,Sinai War,1,651,Egypt,2,10,29,1956,11,6,1956,0,6,2,3000,200,United Kingdom,1,10,31,1956,11,6,1956,0,6,1,22
155,Sinai War,1,200,United Kingdom,1,10,31,1956,11,6,1956,0,6,1,22,651,Egypt,2,10,29,1956,11,6,1956,0,6,2,3000
156,Soviet Invasion of Hungary,1,310,Hungary,2,11,4,1956,11,14,1956,0,2,2,926,365,USSR,1,11,4,1956,11,14,1956,1,2,1,1500
156,Soviet Invasion of Hungary,1,365,USSR,1,11,4,1956,11,14,1956,1,2,1,1500,310,Hungary,2,11,4,1956,11,14,1956,0,2,2,926
158,IfniWar,1,220,France,1,2,10,1958,4,10,1958,0,6,1,0,600,Morocco,2,11,21,1957,4,10,1958,1,6,2,1000
158,IfniWar,1,230,Spain,1,11,21,1957,4,10,1958,0,6,1,122,600,Morocco,2,11,21,1957,4,10,1958,1,6,2,1000
158,IfniWar,1,600,Morocco,2,11,21,1957,4,10,1958,1,6,2,1000,220,France,1,2,10,1958,4,10,1958,0,6,1,0
158,IfniWar,1,600,Morocco,2,11,21,1957,4,10,1958,1,6,2,1000,230,Spain,1,11,21,1957,4,10,1958,0,6,1,122
159,Taiwan Straits,1,710,China (PRC),1,8,23,1958,11,23,1958,1,7,6,300,713,Taiwan (ROC),2,8,23,1958,11,23,1958,0,7,6,1500
159,Taiwan Straits,1,713,Taiwan (ROC),2,8,23,1958,11,23,1958,0,7,6,1500,710,China (PRC),1,8,23,1958,11,23,1958,1,7,6,300
160,Assam,1,750,India,2,10,20,1962,11,22,1962,0,7,2,1353,710,China (PRC),1,10,20,1962,11,22,1962,1,7,1,500
160,Assam,1,710,China (PRC),1,10,20,1962,11,22,1962,1,7,1,500,750,India,2,10,20,1962,11,22,1962,0,7,2,1353
163,"Vietnam War, Phase 2",1,2,United States of America,2,2,7,1965,1,27,1973,1,7,2,58153,816,Vietnam,1,2,7,1965,4,30,1975,0,7,1,700000
163,"Vietnam War, Phase 2",1,811,Cambodia,2,3,1,1970,4,17,1975,0,7,2,2500,816,Vietnam,1,2,7,1965,4,30,1975,0,7,1,700000
163,"Vietnam War, Phase 2",1,732,South Korea,2,5,1,1965,1,28,1973,0,7,2,4687,816,Vietnam,1,2,7,1965,4,30,1975,0,7,1,700000
163,"Vietnam War, Phase 2",1,840,Philippines,2,10,1,1966,1,28,1973,0,7,2,1000,816,Vietnam,1,2,7,1965,4,30,1975,0,7,1,700000
163,"Vietnam War, Phase 2",1,817,South Vietnam,2,2,7,1965,4,30,1975,0,7,2,254257,816,Vietnam,1,2,7,1965,4,30,1975,0,7,1,700000
163,"Vietnam War, Phase 2",1,816,Vietnam,1,2,7,1965,4,30,1975,0,7,1,700000,2,United States of America,2,2,7,1965,1,27,1973,1,7,2,58153
163,"Vietnam War, Phase 2",1,816,Vietnam,1,2,7,1965,4,30,1975,0,7,1,700000,811,Cambodia,2,3,1,1970,4,17,1975,0,7,2,2500
163,"Vietnam War, Phase 2",1,816,Vietnam,1,2,7,1965,4,30,1975,0,7,1,700000,732,South Korea,2,5,1,1965,1,28,1973,0,7,2,4687
163,"Vietnam War, Phase 2",1,816,Vietnam,1,2,7,1965,4,30,1975,0,7,1,700000,840,Philippines,2,10,1,1966,1,28,1973,0,7,2,1000
163,"Vietnam War, Phase 2",1,816,Vietnam,1,2,7,1965,4,30,1975,0,7,1,700000,817,South Vietnam,2,2,7,1965,4,30,1975,0,7,2,254257
163,"Vietnam War, Phase 2",1,816,Vietnam,1,2,7,1965,4,30,1975,0,7,1,700000,800,Thailand,2,10,1,1967,1,28,1973,0,7,2,351
163,"Vietnam War, Phase 2",1,816,Vietnam,1,2,7,1965,4,30,1975,0,7,1,700000,900,Australia,2,2,7,1965,12,20,1972,0,7,2,494
163,"Vietnam War, Phase 2",1,800,Thailand,2,10,1,1967,1,28,1973,0,7,2,351,816,Vietnam,1,2,7,1965,4,30,1975,0,7,1,700000
163,"Vietnam War, Phase 2",1,900,Australia,2,2,7,1965,12,20,1972,0,7,2,494,816,Vietnam,1,2,7,1965,4,30,1975,0,7,1,700000
166,Second Kashmir,1,750,India,2,8,5,1965,9,23,1965,0,7,2,3261,770,Pakistan,1,8,5,1965,9,23,1965,1,7,1,3800
166,Second Kashmir,1,770,Pakistan,1,8,5,1965,9,23,1965,1,7,1,3800,750,India,2,8,5,1965,9,23,1965,0,7,2,3261
169,Six Day War,1,666,Israel,1,6,5,1967,6,10,1967,1,6,1,1000,651,Egypt,2,6,5,1967,6,10,1967,0,6,2,10000
169,Six Day War,1,666,Israel,1,6,5,1967,6,10,1967,1,6,1,1000,663,Jordan,2,6,5,1967,6,10,1967,0,6,2,6100
169,Six Day War,1,666,Israel,1,6,5,1967,6,10,1967,1,6,1,1000,652,Syria,2,6,5,1967,6,10,1967,0,6,2,2500
169,Six Day War,1,651,Egypt,2,6,5,1967,6,10,1967,0,6,2,10000,666,Israel,1,6,5,1967,6,10,1967,1,6,1,1000
169,Six Day War,1,663,Jordan,2,6,5,1967,6,10,1967,0,6,2,6100,666,Israel,1,6,5,1967,6,10,1967,1,6,1,1000
169,Six Day War,1,652,Syria,2,6,5,1967,6,10,1967,0,6,2,2500,666,Israel,1,6,5,1967,6,10,1967,1,6,1,1000
170,"Second Laotian, Phase 2",1,2,United States of America,2,1,13,1968,4,17,1973,0,7,2,375,816,Vietnam,1,1,13,1968,4,17,1973,1,7,1,2250
170,"Second Laotian, Phase 2",1,800,Thailand,2,3,17,1970,4,17,1973,0,7,2,-9,816,Vietnam,1,1,13,1968,4,17,1973,1,7,1,2250
170,"Second Laotian, Phase 2",1,812,Laos,2,1,13,1968,4,17,1973,0,7,2,11250,816,Vietnam,1,1,13,1968,4,17,1973,1,7,1,2250
170,"Second Laotian, Phase 2",1,816,Vietnam,1,1,13,1968,4,17,1973,1,7,1,2250,2,United States of America,2,1,13,1968,4,17,1973,0,7,2,375
170,"Second Laotian, Phase 2",1,816,Vietnam,1,1,13,1968,4,17,1973,1,7,1,2250,800,Thailand,2,3,17,1970,4,17,1973,0,7,2,-9
170,"Second Laotian, Phase 2",1,816,Vietnam,1,1,13,1968,4,17,1973,1,7,1,2250,812,Laos,2,1,13,1968,4,17,1973,0,7,2,11250
172,War of Attrition,1,651,Egypt,2,3,6,1969,8,7,1970,1,6,6,5000,666,Israel,1,3,6,1969,8,7,1970,0,6,6,368
172,War of Attrition,1,666,Israel,1,3,6,1969,8,7,1970,0,6,6,368,651,Egypt,2,3,6,1969,8,7,1970,1,6,6,5000
175,Football War,1,91,Honduras,2,7,14,1969,7,18,1969,0,1,2,1200,92,El Salvador,1,7,14,1969,7,18,1969,1,1,1,700
175,Football War,1,92,El Salvador,1,7,14,1969,7,18,1969,1,1,1,700,91,Honduras,2,7,14,1969,7,18,1969,0,1,2,1200
176,Communist Coalition,1,816,Vietnam,1,3,23,1970,7,2,1971,1,7,4,400,2,United States of America,2,5,1,1970,7,2,1971,0,7,4,125
176,Communist Coalition,1,816,Vietnam,1,3,23,1970,7,2,1971,1,7,4,400,811,Cambodia,2,3,23,1970,7,2,1971,0,7,4,5000
176,Communist Coalition,1,816,Vietnam,1,3,23,1970,7,2,1971,1,7,4,400,817,South Vietnam,2,5,1,1970,7,2,1971,0,7,4,1000
176,Communist Coalition,1,2,United States of America,2,5,1,1970,7,2,1971,0,7,4,125,816,Vietnam,1,3,23,1970,7,2,1971,1,7,4,400
176,Communist Coalition,1,811,Cambodia,2,3,23,1970,7,2,1971,0,7,4,5000,816,Vietnam,1,3,23,1970,7,2,1971,1,7,4,400
176,Communist Coalition,1,817,South Vietnam,2,5,1,1970,7,2,1971,0,7,4,1000,816,Vietnam,1,3,23,1970,7,2,1971,1,7,4,400
178,Bangladesh,1,750,India,1,12,3,1971,12,17,1971,0,7,1,3241,770,Pakistan,2,12,3,1971,12,17,1971,1,7,2,7982
178,Bangladesh,1,770,Pakistan,2,12,3,1971,12,17,1971,1,7,2,7982,750,India,1,12,3,1971,12,17,1971,0,7,1,3241
181,Yom Kippur War,1,651,Egypt,2,10,6,1973,10,24,1973,1,6,2,7700,666,Israel,1,10,6,1973,10,24,1973,0,6,1,2838
181,Yom Kippur War,1,670,Saudi Arabia,2,10,10,1973,10,24,1973,0,6,2,100,666,Israel,1,10,6,1973,10,24,1973,0,6,1,2838
181,Yom Kippur War,1,666,Israel,1,10,6,1973,10,24,1973,0,6,1,2838,651,Egypt,2,10,6,1973,10,24,1973,1,6,2,7700
181,Yom Kippur War,1,666,Israel,1,10,6,1973,10,24,1973,0,6,1,2838,670,Saudi Arabia,2,10,10,1973,10,24,1973,0,6,2,100
181,Yom Kippur War,1,666,Israel,1,10,6,1973,10,24,1973,0,6,1,2838,663,Jordan,2,10,10,1973,10,24,1973,0,6,2,23
181,Yom Kippur War,1,666,Israel,1,10,6,1973,10,24,1973,0,6,1,2838,652,Syria,2,10,6,1973,10,24,1973,1,6,2,3500
181,Yom Kippur War,1,666,Israel,1,10,6,1973,10,24,1973,0,6,1,2838,645,Iraq,2,10,6,1973,10,24,1973,0,6,2,278
181,Yom Kippur War,1,663,Jordan,2,10,10,1973,10,24,1973,0,6,2,23,666,Israel,1,10,6,1973,10,24,1973,0,6,1,2838
181,Yom Kippur War,1,652,Syria,2,10,6,1973,10,24,1973,1,6,2,3500,666,Israel,1,10,6,1973,10,24,1973,0,6,1,2838
181,Yom Kippur War,1,645,Iraq,2,10,6,1973,10,24,1973,0,6,2,278,666,Israel,1,10,6,1973,10,24,1973,0,6,1,2838
184,Turco-Cypriot,1,640,Turkey,1,7,20,1974,8,16,1974,1,2,1,1000,352,Cyprus,2,7,20,1974,8,16,1974,0,2,2,500
184,Turco-Cypriot,1,352,Cyprus,2,7,20,1974,8,16,1974,0,2,2,500,640,Turkey,1,7,20,1974,8,16,1974,1,2,1,1000
186,War over Angola,1,40,Cuba,1,10,23,1975,2,12,1976,0,4,4,1500,560,South Africa,2,10,23,1975,2,12,1976,1,4,4,100
186,War over Angola,1,40,Cuba,1,10,23,1975,2,12,1976,0,4,4,1500,490,Democratic Republic of the Congo,2,10,23,1975,2,12,1976,0,4,4,100
186,War over Angola,1,560,South Africa,2,10,23,1975,2,12,1976,1,4,4,100,40,Cuba,1,10,23,1975,2,12,1976,0,4,4,1500
186,War over Angola,1,560,South Africa,2,10,23,1975,2,12,1976,1,4,4,100,540,Angola,1,11,11,1975,2,12,1976,0,4,4,1000
186,War over Angola,1,490,Democratic Republic of the Congo,2,10,23,1975,2,12,1976,0,4,4,100,40,Cuba,1,10,23,1975,2,12,1976,0,4,4,1500
186,War over Angola,1,490,Democratic Republic of the Congo,2,10,23,1975,2,12,1976,0,4,4,100,540,Angola,1,11,11,1975,2,12,1976,0,4,4,1000
186,War over Angola,1,540,Angola,1,11,11,1975,2,12,1976,0,4,4,1000,560,South Africa,2,10,23,1975,2,12,1976,1,4,4,100
186,War over Angola,1,540,Angola,1,11,11,1975,2,12,1976,0,4,4,1000,490,Democratic Republic of the Congo,2,10,23,1975,2,12,1976,0,4,4,100
187,"Second Ogaden War, Phase 2",1,530,Ethiopia,1,7,23,1977,3,9,1978,0,4,4,1800,520,Somalia,2,7,23,1977,3,9,1978,1,4,4,8000
187,"Second Ogaden War, Phase 2",1,40,Cuba,1,11,23,1977,3,9,1978,0,4,4,700,520,Somalia,2,7,23,1977,3,9,1978,1,4,4,8000
187,"Second Ogaden War, Phase 2",1,520,Somalia,2,7,23,1977,3,9,1978,1,4,4,8000,530,Ethiopia,1,7,23,1977,3,9,1978,0,4,4,1800
187,"Second Ogaden War, Phase 2",1,520,Somalia,2,7,23,1977,3,9,1978,1,4,4,8000,40,Cuba,1,11,23,1977,3,9,1978,0,4,4,700
189,Vietnamese-Cambodian,1,816,Vietnam,1,9,24,1977,1,8,1979,0,7,4,3000,811,Cambodia,2,9,24,1977,1,8,1979,1,7,4,5000
189,Vietnamese-Cambodian,1,811,Cambodia,2,9,24,1977,1,8,1979,1,7,4,5000,816,Vietnam,1,9,24,1977,1,8,1979,0,7,4,3000
190,Ugandian-Tanzanian,1,500,Uganda,2,10,28,1978,4,11,1979,1,4,2,1500,510,Tanzania,1,10,28,1978,4,11,1979,0,4,1,1000
190,Ugandian-Tanzanian,1,510,Tanzania,1,10,28,1978,4,11,1979,0,4,1,1000,500,Uganda,2,10,28,1978,4,11,1979,1,4,2,1500
190,Ugandian-Tanzanian,1,510,Tanzania,1,10,28,1978,4,11,1979,0,4,1,1000,620,Libya,2,2,1,1979,4,11,1979,0,4,2,500
190,Ugandian-Tanzanian,1,620,Libya,2,2,1,1979,4,11,1979,0,4,2,500,510,Tanzania,1,10,28,1978,4,11,1979,0,4,1,1000
193,Sino-Vietnamese Punitive,1,710,China,1,2,17,1979,3,16,1979,1,7,1,13000,816,Vietnam,2,2,17,1979,3,16,1979,0,7,2,8000
193,Sino-Vietnamese Punitive,1,816,Vietnam,2,2,17,1979,3,16,1979,0,7,2,8000,710,China,1,2,17,1979,3,16,1979,1,7,1,13000
199,Iran-Iraq,1,645,Iraq,2,9,22,1980,8,20,1988,1,6,6,500000,630,Iran,1,9,22,1980,8,20,1988,0,6,6,750000
199,Iran-Iraq,1,630,Iran,1,9,22,1980,8,20,1988,0,6,6,750000,645,Iraq,2,9,22,1980,8,20,1988,1,6,6,500000
202,Falkland Islands,1,200,United Kingdom,1,3,25,1982,6,15,1982,0,1,1,255,160,Argentina,2,3,25,1982,6,15,1982,1,1,2,746
202,Falkland Islands,1,160,Argentina,2,3,25,1982,6,15,1982,1,1,2,746,200,United Kingdom,1,3,25,1982,6,15,1982,0,1,1,255
205,War over Lebanon,1,666,Israel,1,4,21,1982,9,15,1982,1,6,6,455,652,Syria,2,4,21,1982,9,15,1982,0,6,6,1200
205,War over Lebanon,1,652,Syria,2,4,21,1982,9,15,1982,0,6,6,1200,666,Israel,1,4,21,1982,9,15,1982,1,6,6,455
207,War over the Aouzou Strip,1,483,Chad,1,11,15,1986,9,11,1987,1,18,1,1000,620,Libya,2,11,15,1986,9,11,1987,0,18,2,7000
207,War over the Aouzou Strip,1,620,Libya,2,11,15,1986,9,11,1987,0,18,2,7000,483,Chad,1,11,15,1986,9,11,1987,1,18,1,1000
208,Sino-Vietnamese Border War,1,816,Vietnam,2,1,5,1987,2,6,1987,0,7,6,2200,710,China,1,1,5,1987,2,6,1987,1,7,6,1800
208,Sino-Vietnamese Border War,1,710,China,1,1,5,1987,2,6,1987,1,7,6,1800,816,Vietnam,2,1,5,1987,2,6,1987,0,7,6,2200
211,Gulf War,1,690,Kuwait,1,8,2,1990,4,11,1991,0,6,1,1000,645,Iraq,2,8,2,1990,4,11,1991,1,6,2,40000
211,Gulf War,1,2,United States of America,1,1,16,1991,4,11,1991,0,6,1,376,645,Iraq,2,8,2,1990,4,11,1991,1,6,2,40000
211,Gulf War,1,20,Canada,1,1,16,1991,4,11,1991,0,6,1,0,645,Iraq,2,8,2,1990,4,11,1991,1,6,2,40000
211,Gulf War,1,200,United Kingdom,1,1,16,1991,4,11,1991,0,6,1,24,645,Iraq,2,8,2,1990,4,11,1991,1,6,2,40000
211,Gulf War,1,325,Italy,1,1,16,1991,4,11,1991,0,6,1,0,645,Iraq,2,8,2,1990,4,11,1991,1,6,2,40000
211,Gulf War,1,600,Morocco,1,1,16,1991,4,11,1991,0,6,1,0,645,Iraq,2,8,2,1990,4,11,1991,1,6,2,40000
211,Gulf War,1,645,Iraq,2,8,2,1990,4,11,1991,1,6,2,40000,690,Kuwait,1,8,2,1990,4,11,1991,0,6,1,1000
211,Gulf War,1,645,Iraq,2,8,2,1990,4,11,1991,1,6,2,40000,2,United States of America,1,1,16,1991,4,11,1991,0,6,1,376
211,Gulf War,1,645,Iraq,2,8,2,1990,4,11,1991,1,6,2,40000,20,Canada,1,1,16,1991,4,11,1991,0,6,1,0
211,Gulf War,1,645,Iraq,2,8,2,1990,4,11,1991,1,6,2,40000,200,United Kingdom,1,1,16,1991,4,11,1991,0,6,1,24
211,Gulf War,1,645,Iraq,2,8,2,1990,4,11,1991,1,6,2,40000,325,Italy,1,1,16,1991,4,11,1991,0,6,1,0
211,Gulf War,1,645,Iraq,2,8,2,1990,4,11,1991,1,6,2,40000,600,Morocco,1,1,16,1991,4,11,1991,0,6,1,0
211,Gulf War,1,645,Iraq,2,8,2,1990,4,11,1991,1,6,2,40000,651,Egypt,1,1,16,1991,4,11,1991,0,6,1,14
211,Gulf War,1,645,Iraq,2,8,2,1990,4,11,1991,1,6,2,40000,698,Oman,1,1,16,1991,4,11,1991,0,6,1,0
211,Gulf War,1,645,Iraq,2,8,2,1990,4,11,1991,1,6,2,40000,220,France,1,1,16,1991,4,11,1991,0,6,1,2
211,Gulf War,1,645,Iraq,2,8,2,1990,4,11,1991,1,6,2,40000,696,United Arab Emirates,1,1,16,1991,4,11,1991,0,6,1,6
211,Gulf War,1,645,Iraq,2,8,2,1990,4,11,1991,1,6,2,40000,694,Qatar,1,1,16,1991,4,11,1991,0,6,1,0
211,Gulf War,1,645,Iraq,2,8,2,1990,4,11,1991,1,6,2,40000,670,Saudi Arabia,1,1,16,1991,4,11,1991,0,6,1,44
211,Gulf War,1,645,Iraq,2,8,2,1990,4,11,1991,1,6,2,40000,652,Syria,1,1,16,1991,4,11,1991,0,6,1,0
211,Gulf War,1,651,Egypt,1,1,16,1991,4,11,1991,0,6,1,14,645,Iraq,2,8,2,1990,4,11,1991,1,6,2,40000
211,Gulf War,1,698,Oman,1,1,16,1991,4,11,1991,0,6,1,0,645,Iraq,2,8,2,1990,4,11,1991,1,6,2,40000
211,Gulf War,1,220,France,1,1,16,1991,4,11,1991,0,6,1,2,645,Iraq,2,8,2,1990,4,11,1991,1,6,2,40000
211,Gulf War,1,696,United Arab Emirates,1,1,16,1991,4,11,1991,0,6,1,6,645,Iraq,2,8,2,1990,4,11,1991,1,6,2,40000
211,Gulf War,1,694,Qatar,1,1,16,1991,4,11,1991,0,6,1,0,645,Iraq,2,8,2,1990,4,11,1991,1,6,2,40000
211,Gulf War,1,670,Saudi Arabia,1,1,16,1991,4,11,1991,0,6,1,44,645,Iraq,2,8,2,1990,4,11,1991,1,6,2,40000
211,Gulf War,1,652,Syria,1,1,16,1991,4,11,1991,0,6,1,0,645,Iraq,2,8,2,1990,4,11,1991,1,6,2,40000
215,Bosnian Independence,1,344,Croatia,1,4,7,1992,5,13,1992,0,2,4,500,345,Yugoslavia,2,4,7,1992,5,13,1992,1,2,4,1890
215,Bosnian Independence,1,346,Bosnia,1,4,7,1992,5,13,1992,0,2,4,2850,345,Yugoslavia,2,4,7,1992,5,13,1992,1,2,4,1890
215,Bosnian Independence,1,345,Yugoslavia,2,4,7,1992,5,13,1992,1,2,4,1890,344,Croatia,1,4,7,1992,5,13,1992,0,2,4,500
215,Bosnian Independence,1,345,Yugoslavia,2,4,7,1992,5,13,1992,1,2,4,1890,346,Bosnia,1,4,7,1992,5,13,1992,0,2,4,2850
216,Azeri-Armenian,1,373,Azerbaijan,2,2,6,1993,5,12,1994,0,2,2,8500,371,Armenia,1,2,6,1993,5,12,1994,1,2,1,5500
216,Azeri-Armenian,1,371,Armenia,1,2,6,1993,5,12,1994,1,2,1,5500,373,Azerbaijan,2,2,6,1993,5,12,1994,0,2,2,8500
217,Cenepa Valley,1,130,Ecuador,2,1,9,1995,2,27,1995,1,1,3,550,135,Peru,1,1,9,1995,2,27,1995,0,1,3,950
217,Cenepa Valley,1,135,Peru,1,1,9,1995,2,27,1995,0,1,3,950,130,Ecuador,2,1,9,1995,2,27,1995,1,1,3,550
219,Badme Border,1,531,Eritrea,1,5,6,1998,12,12,2000,1,4,6,50000,530,Ethiopia,2,5,6,1998,12,12,2000,0,4,6,70000
219,Badme Border,1,530,Ethiopia,2,5,6,1998,12,12,2000,0,4,6,70000,531,Eritrea,1,5,6,1998,12,12,2000,1,4,6,50000
221,War for Kosovo,1,640,Turkey,1,3,24,1999,6,10,1999,1,2,1,0,345,Yugoslavia,2,3,24,1999,6,10,1999,0,2,2,5000
221,War for Kosovo,1,325,Italy,1,3,24,1999,6,10,1999,1,2,1,0,345,Yugoslavia,2,3,24,1999,6,10,1999,0,2,2,5000
221,War for Kosovo,1,200,United Kingdom,1,3,24,1999,6,10,1999,1,2,1,0,345,Yugoslavia,2,3,24,1999,6,10,1999,0,2,2,5000
221,War for Kosovo,1,2,United States of America,1,3,24,1999,6,10,1999,1,2,1,2,345,Yugoslavia,2,3,24,1999,6,10,1999,0,2,2,5000
221,War for Kosovo,1,210,Netherlands,1,3,24,1999,6,10,1999,1,2,1,0,345,Yugoslavia,2,3,24,1999,6,10,1999,0,2,2,5000
221,War for Kosovo,1,220,France,1,3,24,1999,6,10,1999,1,2,1,0,345,Yugoslavia,2,3,24,1999,6,10,1999,0,2,2,5000
221,War for Kosovo,1,345,Yugoslavia,2,3,24,1999,6,10,1999,0,2,2,5000,640,Turkey,1,3,24,1999,6,10,1999,1,2,1,0
221,War for Kosovo,1,345,Yugoslavia,2,3,24,1999,6,10,1999,0,2,2,5000,325,Italy,1,3,24,1999,6,10,1999,1,2,1,0
221,War for Kosovo,1,345,Yugoslavia,2,3,24,1999,6,10,1999,0,2,2,5000,200,United Kingdom,1,3,24,1999,6,10,1999,1,2,1,0
221,War for Kosovo,1,345,Yugoslavia,2,3,24,1999,6,10,1999,0,2,2,5000,2,United States of America,1,3,24,1999,6,10,1999,1,2,1,2
221,War for Kosovo,1,345,Yugoslavia,2,3,24,1999,6,10,1999,0,2,2,5000,210,Netherlands,1,3,24,1999,6,10,1999,1,2,1,0
221,War for Kosovo,1,345,Yugoslavia,2,3,24,1999,6,10,1999,0,2,2,5000,220,France,1,3,24,1999,6,10,1999,1,2,1,0
221,War for Kosovo,1,345,Yugoslavia,2,3,24,1999,6,10,1999,0,2,2,5000,255,Germany,1,3,24,1999,6,10,1999,1,2,1,0
221,War for Kosovo,1,255,Germany,1,3,24,1999,6,10,1999,1,2,1,0,345,Yugoslavia,2,3,24,1999,6,10,1999,0,2,2,5000
223,Kargil War,1,750,India,1,5,8,1999,7,17,1999,0,7,1,474,770,Pakistan,2,5,8,1999,7,17,1999,1,7,2,698
223,Kargil War,1,770,Pakistan,2,5,8,1999,7,17,1999,1,7,2,698,750,India,1,5,8,1999,7,17,1999,0,7,1,474
225,Invasion of Afghanistan,1,20,Canada,1,11,15,2001,12,22,2001,0,7,4,0,700,Afghanistan,2,10,7,2001,12,22,2001,0,7,4,4000
225,Invasion of Afghanistan,1,220,France,1,10,21,2001,12,22,2001,0,7,4,0,700,Afghanistan,2,10,7,2001,12,22,2001,0,7,4,4000
225,Invasion of Afghanistan,1,200,United Kingdom,1,10,7,2001,12,22,2001,1,7,4,0,700,Afghanistan,2,10,7,2001,12,22,2001,0,7,4,4000
225,Invasion of Afghanistan,1,2,United States of America,1,10,7,2001,12,22,2001,1,7,4,2,700,Afghanistan,2,10,7,2001,12,22,2001,0,7,4,4000
225,Invasion of Afghanistan,1,900,Australia,1,10,17,2001,12,22,2001,0,7,4,0,700,Afghanistan,2,10,7,2001,12,22,2001,0,7,4,4000
225,Invasion of Afghanistan,1,700,Afghanistan,2,10,7,2001,12,22,2001,0,7,4,4000,20,Canada,1,11,15,2001,12,22,2001,0,7,4,0
225,Invasion of Afghanistan,1,700,Afghanistan,2,10,7,2001,12,22,2001,0,7,4,4000,220,France,1,10,21,2001,12,22,2001,0,7,4,0
225,Invasion of Afghanistan,1,700,Afghanistan,2,10,7,2001,12,22,2001,0,7,4,4000,200,United Kingdom,1,10,7,2001,12,22,2001,1,7,4,0
225,Invasion of Afghanistan,1,700,Afghanistan,2,10,7,2001,12,22,2001,0,7,4,4000,2,United States of America,1,10,7,2001,12,22,2001,1,7,4,2
225,Invasion of Afghanistan,1,700,Afghanistan,2,10,7,2001,12,22,2001,0,7,4,4000,900,Australia,1,10,17,2001,12,22,2001,0,7,4,0
227,Invasion of Iraq,1,900,Australia,1,3,19,2003,5,2,2003,1,6,4,0,645,Iraq,2,3,19,2003,5,2,2003,0,6,4,7000
227,Invasion of Iraq,1,200,United Kingdom,1,3,19,2003,5,2,2003,1,6,4,33,645,Iraq,2,3,19,2003,5,2,2003,0,6,4,7000
227,Invasion of Iraq,1,2,United States of America,1,3,19,2003,5,2,2003,1,6,4,140,645,Iraq,2,3,19,2003,5,2,2003,0,6,4,7000
227,Invasion of Iraq,1,645,Iraq,2,3,19,2003,5,2,2003,0,6,4,7000,900,Australia,1,3,19,2003,5,2,2003,1,6,4,0
227,Invasion of Iraq,1,645,Iraq,2,3,19,2003,5,2,2003,0,6,4,7000,200,United Kingdom,1,3,19,2003,5,2,2003,1,6,4,33
227,Invasion of Iraq,1,645,Iraq,2,3,19,2003,5,2,2003,0,6,4,7000,2,United States of America,1,3,19,2003,5,2,2003,1,6,4,140
